"ServiceName","Category","Namespace","Registration","Global","Australia Central","Australia Central 2","Australia East","Australia Southeast","Central India","East Asia","East Asia (Stage)","Indonesia Central","Japan East","Japan West","Jio India Central","Jio India West","Korea Central","Korea South","Malaysia West","New Zealand North","South India","Southeast Asia","Southeast Asia (Stage)","West India"
"Azure AI Search","AI + ML","Microsoft.Search","Registered","False","no","no","yes","yes","yes","yes","no","yes","yes","yes","no","no","yes","yes","yes","yes","yes","yes","no","no"
"Azure AI Services (Cognitive Services / OpenAI)","AI + ML","Microsoft.CognitiveServices","Registered","False","no","no","yes","yes","yes","yes","no","no","yes","yes","no","no","yes","no","no","no","yes","yes","no","no"
"Azure AI Video Indexer","AI + ML","Microsoft.VideoIndexer","NotRegistered","False","yes","no","yes","yes","yes","yes","no","no","yes","yes","no","no","yes","no","no","no","yes","yes","no","no"
"Azure Bot Service","AI + ML","Microsoft.BotService","Registered","False","no","no","no","no","yes","no","no","no","no","no","no","no","no","no","no","no","no","no","no","no"
"Azure Health Bot","AI + ML","Microsoft.HealthBot","NotRegistered","False","no","no","yes","no","yes","no","no","no","no","no","no","no","no","no","no","no","no","yes","no","no"
"Azure Health Data Services","AI + ML","Microsoft.HealthcareApis","Registered","False","no","no","yes","no","yes","no","no","no","yes","no","no","no","yes","no","no","no","no","yes","no","no"
"Azure Inference Service","AI + ML","Microsoft.InferenceService","NotRegistered","False","no","no","no","no","no","no","no","no","no","no","no","no","no","no","no","no","no","no","no","no"
"Azure Machine Learning","AI + ML","Microsoft.MachineLearningServices","Registered","False","no","no","yes","yes","yes","yes","no","no","yes","yes","no","no","yes","no","yes","no","yes","yes","no","no"
"Azure Maps","AI + ML","Microsoft.Maps","Registered","False","no","no","no","no","no","no","no","no","no","no","no","no","no","no","no","no","no","no","no","no"
"Azure Quantum","AI + ML","Microsoft.Quantum","NotRegistered","False","no","no","no","no","no","no","no","no","no","no","no","no","no","no","no","no","no","no","no","no"
"Bing Search","AI + ML","Microsoft.Bing","NotRegistered","False","no","no","no","no","no","no","no","no","no","no","no","no","no","no","no","no","no","yes","no","no"
"Health Data AI Services","AI + ML","Microsoft.HealthDataAIServices","NotRegistered","False","no","no","no","no","no","no","no","no","no","no","no","no","no","no","no","no","no","no","no","no"
"Health Platform","AI + ML","Microsoft.HealthPlatform","NotRegistered","False","no","no","no","no","no","no","no","no","no","no","no","no","no","no","no","no","no","no","no","no"
"Healthcare Interop","AI + ML","Microsoft.HealthcareInterop","NotRegistered","True","global","global","global","global","global","global","global","global","global","global","global","global","global","global","global","global","global","global","global","global"
"Microsoft Genomics","AI + ML","Microsoft.Genome","NotRegistered","False","no","no","no","no","yes","no","no","no","no","no","no","no","yes","no","no","no","yes","no","no","no"
"Microsoft Syntex","AI + ML","Microsoft.Syntex","NotRegistered","False","no","no","yes","yes","yes","yes","no","no","yes","no","no","no","yes","no","no","no","yes","yes","no","yes"
"Singularity (AI Supercomputer)","AI + ML","Microsoft.Singularity","NotRegistered","False","yes","no","yes","yes","yes","yes","no","no","yes","yes","no","no","yes","yes","no","no","yes","yes","no","yes"
"Weights and Biases on Azure","AI + ML","Microsoft.WeightsAndBiases","NotRegistered","False","no","no","no","no","no","no","no","no","no","no","no","no","no","no","no","no","no","no","no","no"
"Anyscale on Azure (Ray)","AI + ML (3rd party)","Anyscale.Platform","NotRegistered","False","no","no","yes","no","no","no","no","no","no","no","no","no","no","no","no","no","no","yes","no","no"
"Arize AI Observability","AI + ML (3rd party)","ArizeAi.ObservabilityEval","NotRegistered","False","no","no","no","no","no","no","no","no","no","no","no","no","no","no","no","no","no","no","no","no"
"Pinecone Vector DB on Azure","AI + ML (3rd party)","Pinecone.VectorDb","NotRegistered","False","no","no","no","no","no","no","no","no","no","no","no","no","no","no","no","no","no","no","no","no"
"Azure Analysis Services","Analytics","Microsoft.AnalysisServices","NotRegistered","False","no","no","yes","yes","no","no","no","no","yes","no","no","no","no","no","no","no","no","yes","no","yes"
"Azure Data Explorer (Kusto)","Analytics","Microsoft.Kusto","Registered","False","yes","no","yes","yes","yes","yes","no","yes","yes","yes","no","no","yes","yes","yes","yes","yes","yes","no","yes"
"Azure Data Factory","Analytics","Microsoft.DataFactory","Registered","False","no","no","yes","yes","yes","yes","no","yes","yes","yes","no","no","yes","no","yes","yes","yes","yes","no","no"
"Azure Data Lake Analytics","Analytics","Microsoft.DataLakeAnalytics","Registered","False","no","no","no","no","no","no","no","no","no","no","no","no","no","no","no","no","no","no","no","no"
"Azure Data Share","Analytics","Microsoft.DataShare","NotRegistered","False","no","no","yes","no","yes","yes","no","no","no","no","no","no","no","no","no","no","no","yes","no","no"
"Azure Databricks","Analytics","Microsoft.Databricks","Registered","False","yes","yes","yes","yes","yes","yes","no","no","yes","yes","no","no","yes","no","no","no","yes","yes","no","yes"
"Azure HDInsight","Analytics","Microsoft.HDInsight","Registered","False","yes","no","yes","yes","yes","yes","no","yes","yes","yes","no","no","yes","yes","yes","yes","yes","yes","no","no"
"Azure Stream Analytics","Analytics","Microsoft.StreamAnalytics","Registered","False","yes","yes","yes","yes","yes","yes","no","yes","yes","yes","no","no","yes","yes","yes","yes","yes","yes","no","yes"
"Azure Synapse Analytics","Analytics","Microsoft.Synapse","NotRegistered","False","yes","yes","yes","yes","yes","yes","no","no","yes","yes","no","no","yes","no","yes","no","yes","yes","no","yes"
"Confluent Cloud (Azure Native)","Analytics","Microsoft.Confluent","NotRegistered","False","no","no","yes","no","yes","yes","no","no","yes","no","no","no","yes","no","no","no","no","yes","no","no"
"Microsoft Energy Data Services","Analytics","Microsoft.OpenEnergyPlatform","NotRegistered","False","no","no","yes","no","no","no","no","yes","no","no","no","no","no","no","no","no","no","yes","no","no"
"Microsoft Fabric","Analytics","Microsoft.Fabric","NotRegistered","False","no","no","yes","yes","yes","yes","no","yes","yes","yes","no","no","yes","yes","yes","yes","yes","yes","no","yes"
"Microsoft Purview","Analytics","Microsoft.Purview","NotRegistered","False","no","no","yes","no","yes","no","no","no","yes","no","no","no","yes","no","no","no","no","yes","no","no"
"Power BI Dedicated","Analytics","Microsoft.PowerBIDedicated","Registered","False","no","no","yes","yes","yes","yes","no","yes","yes","yes","no","no","yes","yes","yes","yes","yes","yes","no","yes"
"Power BI Embedded","Analytics","Microsoft.PowerBI","NotRegistered","False","no","no","no","yes","no","no","no","no","yes","no","no","no","no","no","no","no","no","yes","no","yes"
"Astronomer Astro (Airflow)","Analytics (3rd party)","Astronomer.Astro","NotRegistered","False","no","no","yes","no","no","no","no","no","no","no","no","no","no","no","no","no","no","no","no","no"
"Informatica IDMC on Azure","Analytics (3rd party)","Informatica.DataManagement","NotRegistered","False","yes","no","no","no","no","no","no","no","no","no","no","no","no","no","no","no","no","yes","no","no"
"Azure Backup","Backup / DR","Microsoft.DataProtection","Registered","False","yes","no","yes","yes","yes","yes","no","yes","yes","yes","no","no","yes","yes","yes","yes","yes","yes","no","yes"
"Azure Business Continuity Center","Backup / DR","Microsoft.AzureBusinessContinuity","NotRegistered","True","global","global","global","global","global","global","global","global","global","global","global","global","global","global","global","global","global","global","global","global"
"Azure Recovery Services (Backup/ASR)","Backup / DR","Microsoft.RecoveryServices","Registered","False","yes","no","yes","yes","yes","yes","no","yes","yes","yes","no","no","yes","yes","yes","yes","yes","yes","no","yes"
"Azure Site Recovery","Backup / DR","Microsoft.DataReplication","NotRegistered","False","no","no","no","no","no","yes","no","no","no","no","no","no","no","no","no","no","no","yes","no","no"
"Backup Solutions","Backup / DR","Microsoft.BackupSolutions","NotRegistered","False","no","no","no","no","no","no","no","no","no","no","no","no","no","no","no","no","no","no","no","no"
"Commvault Cloud","Backup / DR (3rd party)","Commvault.ContentStore","NotRegistered","False","no","no","no","no","no","no","no","no","no","no","no","no","no","no","no","no","no","no","no","no"
"Azure Blockchain Tokens","Blockchain","Microsoft.BlockchainTokens","NotRegistered","False","no","no","no","no","no","no","no","no","no","no","no","no","no","no","no","no","no","no","no","no"
"Azure BareMetal","Compute","Microsoft.BareMetal","NotRegistered","False","yes","yes","yes","yes","yes","yes","no","yes","yes","yes","no","no","yes","yes","yes","yes","yes","yes","no","yes"
"Azure Batch","Compute","Microsoft.Batch","NotRegistered","False","yes","no","yes","yes","yes","yes","no","yes","yes","yes","no","no","yes","yes","yes","yes","yes","yes","no","yes"
"Azure Compute Fleet","Compute","Microsoft.AzureFleet","NotRegistered","False","yes","yes","yes","yes","yes","yes","no","yes","yes","yes","no","no","yes","yes","yes","yes","yes","yes","no","yes"
"Azure Hardware","Compute","Microsoft.Hardware","NotRegistered","False","no","no","no","no","no","no","no","no","no","no","no","no","no","no","no","no","no","no","no","no"
"Azure Image Testing for Linux","Compute","Microsoft.AzureImageTestingForLinux","NotRegistered","True","global","global","global","global","global","global","global","global","global","global","global","global","global","global","global","global","global","global","global","global"
"Azure Large Instances","Compute","Microsoft.AzureLargeInstance","NotRegistered","False","no","no","no","no","no","no","no","no","no","no","no","no","no","no","no","no","no","no","no","no"
"Azure Serial Console","Compute","Microsoft.SerialConsole","Registered","False","yes","no","yes","yes","yes","yes","no","yes","yes","yes","no","no","yes","yes","yes","yes","yes","yes","no","yes"
"Azure Service Fabric","Compute","Microsoft.ServiceFabric","Registered","False","yes","no","yes","yes","yes","yes","no","yes","yes","yes","no","no","yes","yes","yes","yes","yes","yes","no","yes"
"Azure Standby VM Pool","Compute","Microsoft.StandbyPool","NotRegistered","False","yes","yes","yes","yes","yes","yes","no","yes","yes","yes","no","no","yes","yes","yes","yes","yes","yes","no","yes"
"Azure Virtual Desktop","Compute","Microsoft.DesktopVirtualization","Registered","False","no","no","yes","no","yes","yes","no","no","yes","yes","no","no","yes","no","no","no","no","yes","no","no"
"Azure Virtual Machines","Compute","Microsoft.Compute","Registered","False","yes","yes","yes","yes","yes","yes","no","yes","yes","yes","no","no","yes","yes","yes","yes","yes","yes","no","yes"
"Azure VM Image Builder","Compute","Microsoft.VirtualMachineImages","NotRegistered","False","no","no","yes","yes","yes","yes","no","yes","yes","no","no","no","yes","no","yes","yes","no","yes","no","no"
"Azure VMware Solution","Compute","Microsoft.AVS","Registered","False","no","no","yes","yes","yes","yes","no","no","yes","yes","no","no","yes","no","yes","yes","no","yes","no","no"
"Azure Workloads (SAP)","Compute","Microsoft.Workloads","NotRegistered","False","no","no","yes","no","yes","yes","no","no","yes","no","no","no","yes","yes","no","no","no","yes","no","no"
"BareMetal Infrastructure","Compute","Microsoft.BareMetalInfrastructure","NotRegistered","False","no","no","no","no","no","no","no","no","no","no","no","no","no","no","no","no","no","no","no","no"
"Compute Bulk Actions","Compute","Microsoft.ComputeBulkActions","NotRegistered","False","yes","yes","yes","yes","yes","yes","no","no","yes","yes","no","no","yes","yes","no","yes","yes","yes","no","yes"
"Compute Limits","Compute","Microsoft.ComputeLimit","NotRegistered","False","yes","no","yes","yes","yes","yes","no","yes","yes","yes","no","no","yes","yes","yes","yes","yes","yes","no","yes"
"Compute Schedule","Compute","Microsoft.ComputeSchedule","NotRegistered","False","yes","yes","yes","yes","yes","yes","no","no","yes","yes","no","no","yes","yes","no","yes","yes","yes","no","yes"
"Nutanix Cloud Clusters on Azure","Compute","Microsoft.Nutanix","NotRegistered","False","no","no","yes","no","yes","no","no","no","yes","no","no","no","no","no","no","no","yes","yes","no","no"
"SAP HANA on Azure Large Instances","Compute","Microsoft.HanaOnAzure","NotRegistered","False","no","no","no","no","no","no","no","no","no","no","no","no","no","no","no","no","no","no","no","no"
"Service Fabric Mesh","Compute","Microsoft.ServiceFabricMesh","NotRegistered","False","no","no","yes","yes","yes","yes","no","no","yes","yes","no","no","yes","no","no","no","yes","yes","no","yes"
"Supercomputer Infrastructure","Compute","Microsoft.SupercomputerInfrastructure","NotRegistered","False","no","no","no","yes","no","no","no","no","no","no","no","no","no","no","no","no","no","no","no","no"
"VMware (legacy)","Compute","Microsoft.VMware","NotRegistered","False","no","no","no","no","no","no","no","no","no","no","no","no","no","no","no","no","no","no","no","no"
"Windows 365 (development)","Compute","Microsoft.DevelopmentWindows365","NotRegistered","True","global","global","global","global","global","global","global","global","global","global","global","global","global","global","global","global","global","global","global","global"
"Windows 365 Cloud PC","Compute","Microsoft.Windows365","NotRegistered","True","global","global","global","global","global","global","global","global","global","global","global","global","global","global","global","global","global","global","global","global"
"Azure Container Apps","Containers","Microsoft.App","NotRegistered","False","no","no","yes","yes","yes","yes","no","yes","yes","yes","no","no","yes","no","yes","no","yes","yes","no","no"
"Azure Container Instances","Containers","Microsoft.ContainerInstance","Registered","False","yes","yes","yes","yes","yes","yes","no","yes","yes","yes","no","no","yes","yes","yes","yes","yes","yes","no","yes"
"Azure Container Registry","Containers","Microsoft.ContainerRegistry","Registered","False","yes","yes","yes","yes","yes","yes","no","yes","yes","yes","no","no","yes","yes","yes","yes","yes","yes","no","no"
"Azure Kubernetes Service (AKS)","Containers","Microsoft.ContainerService","Registered","False","yes","yes","yes","yes","yes","yes","no","yes","yes","yes","no","no","yes","yes","yes","yes","yes","yes","no","no"
"Azure Red Hat OpenShift","Containers","Microsoft.RedHatOpenShift","NotRegistered","False","yes","yes","yes","yes","yes","yes","no","yes","yes","yes","no","no","yes","no","yes","yes","yes","yes","no","no"
"Azure Spring Apps","Containers","Microsoft.AppPlatform","Registered","False","no","no","yes","yes","yes","yes","no","no","yes","no","no","no","yes","no","no","no","no","yes","no","no"
"Kubernetes Configuration (Flux/GitOps)","Containers","Microsoft.KubernetesConfiguration","NotRegistered","False","yes","yes","yes","yes","yes","yes","no","yes","yes","yes","no","no","yes","yes","yes","yes","yes","yes","no","yes"
"Kubernetes Runtime","Containers","Microsoft.KubernetesRuntime","NotRegistered","False","no","no","yes","no","yes","no","no","no","yes","no","no","no","no","no","no","no","no","yes","no","no"
"Azure Cache for Redis","Databases","Microsoft.Cache","Registered","False","yes","yes","yes","yes","yes","yes","no","yes","yes","yes","no","no","yes","yes","yes","yes","yes","yes","no","yes"
"Azure Cosmos DB","Databases","Microsoft.DocumentDB","Registered","False","yes","yes","yes","yes","yes","yes","no","yes","yes","yes","no","no","yes","yes","yes","yes","yes","yes","no","yes"
"Azure Database for MariaDB","Databases","Microsoft.DBforMariaDB","Registered","False","yes","yes","yes","yes","yes","yes","no","no","yes","yes","no","no","yes","yes","no","no","yes","yes","no","yes"
"Azure Database for MySQL","Databases","Microsoft.DBforMySQL","Registered","False","yes","yes","yes","yes","yes","yes","no","yes","yes","yes","no","no","yes","yes","yes","yes","yes","yes","no","yes"
"Azure Database for PostgreSQL","Databases","Microsoft.DBforPostgreSQL","Registered","False","yes","yes","yes","yes","yes","yes","no","yes","yes","yes","no","no","yes","yes","yes","yes","yes","yes","no","yes"
"Azure SQL Database / Managed Instance","Databases","Microsoft.Sql","Registered","False","yes","yes","yes","yes","yes","yes","no","yes","yes","yes","no","no","yes","yes","yes","yes","yes","yes","no","yes"
"Database Fleet Manager","Databases","Microsoft.DatabaseFleetManager","NotRegistered","False","no","no","yes","no","yes","yes","no","no","no","no","no","no","yes","yes","no","no","yes","yes","no","no"
"Database Watcher (SQL)","Databases","Microsoft.DatabaseWatcher","NotRegistered","False","yes","no","yes","yes","no","no","no","no","no","yes","no","no","yes","no","no","no","no","yes","no","no"
"Horizon DB","Databases","Microsoft.HorizonDB","NotRegistered","False","no","no","yes","no","no","no","no","no","no","no","no","no","no","no","no","no","no","no","no","no"
"MySQL Discovery","Databases","Microsoft.MySqlDiscovery","NotRegistered","False","no","no","yes","yes","yes","yes","no","yes","yes","yes","no","no","yes","yes","yes","yes","yes","yes","no","no"
"SQL Server on Azure VM","Databases","Microsoft.SqlVirtualMachine","NotRegistered","False","yes","yes","yes","yes","yes","yes","no","yes","yes","yes","no","no","yes","yes","yes","yes","yes","yes","no","yes"
"MongoDB Atlas on Azure","Databases (3rd party)","MongoDB.Atlas","NotRegistered","False","no","no","no","no","no","no","no","no","no","no","no","no","no","no","no","no","yes","no","no","no"
"Oracle Database at Azure","Databases (3rd party)","Oracle.Database","NotRegistered","False","no","no","yes","yes","yes","no","no","no","yes","yes","no","no","no","no","no","no","yes","yes","no","no"
"App Link","Developer Tools","Microsoft.AppLink","NotRegistered","False","no","no","no","no","no","no","no","no","no","no","no","no","no","no","no","no","no","yes","no","no"
"Azure App Configuration","Developer Tools","Microsoft.AppConfiguration","Registered","False","yes","yes","yes","yes","yes","yes","no","yes","yes","yes","no","no","yes","yes","yes","yes","yes","yes","no","no"
"Azure Chaos Studio","Developer Tools","Microsoft.Chaos","NotRegistered","False","no","no","yes","no","no","yes","no","no","yes","no","no","no","no","no","no","no","no","yes","no","no"
"Azure Cloud Shell","Developer Tools","Microsoft.CloudShell","NotRegistered","True","global","global","global","global","global","global","global","global","global","global","global","global","global","global","global","global","global","global","global","global"
"Azure Deployment Environments","Developer Tools","Microsoft.DevHub","NotRegistered","False","yes","yes","yes","yes","yes","yes","no","no","yes","yes","no","no","yes","yes","no","yes","yes","yes","no","no"
"Azure DevTest Labs","Developer Tools","Microsoft.DevTestLab","Registered","False","yes","yes","yes","yes","yes","yes","no","no","yes","yes","no","no","yes","yes","no","no","yes","yes","no","yes"
"Azure Experimentation","Developer Tools","Microsoft.Experimentation","NotRegistered","True","global","global","global","global","global","global","global","global","global","global","global","global","global","global","global","global","global","global","global","global"
"Azure Fluid Relay","Developer Tools","Microsoft.FluidRelay","NotRegistered","False","no","no","yes","no","yes","yes","no","no","yes","no","no","no","yes","no","no","no","no","yes","no","no"
"Azure Lab Services","Developer Tools","Microsoft.LabServices","NotRegistered","False","yes","yes","yes","yes","yes","yes","no","no","yes","yes","no","no","yes","yes","no","no","yes","yes","no","yes"
"Azure Load Testing","Developer Tools","Microsoft.LoadTestService","NotRegistered","False","yes","no","yes","yes","yes","yes","no","no","yes","yes","no","no","yes","yes","yes","no","yes","yes","no","yes"
"Azure Online Experimentation","Developer Tools","Microsoft.OnlineExperimentation","NotRegistered","True","global","global","global","global","global","global","global","global","global","global","global","global","global","global","global","global","global","global","global","global"
"Azure Playwright Testing","Developer Tools","Microsoft.AzurePlaywrightService","NotRegistered","False","no","no","no","no","no","yes","no","no","no","no","no","no","no","no","no","no","no","no","no","no"
"Cloud Test","Developer Tools","Microsoft.CloudTest","NotRegistered","False","yes","yes","yes","yes","yes","yes","no","no","yes","yes","no","no","yes","yes","no","no","yes","yes","no","yes"
"Microsoft Dev Box","Developer Tools","Microsoft.DevCenter","NotRegistered","False","no","no","yes","no","yes","yes","no","no","yes","yes","no","no","yes","no","no","no","no","yes","no","no"
"Service Connector","Developer Tools","Microsoft.ServiceLinker","NotRegistered","False","yes","no","yes","yes","yes","yes","no","no","yes","yes","no","no","yes","yes","no","no","yes","yes","no","no"
"LambdaTest HyperExecute","Developer Tools (3rd party)","LambdaTest.HyperExecute","NotRegistered","False","no","no","no","no","no","no","no","no","no","no","no","no","no","no","no","no","no","no","no","no"
"Azure DevOps / Visual Studio","DevOps","microsoft.visualstudio","NotRegistered","False","no","no","yes","no","yes","yes","no","no","yes","yes","no","no","no","no","no","no","yes","yes","no","yes"
"Azure Terraform","DevOps","Microsoft.AzureTerraform","NotRegistered","True","global","global","global","global","global","global","global","global","global","global","global","global","global","global","global","global","global","global","global","global"
"Managed DevOps Pools","DevOps","Microsoft.DevOpsInfrastructure","NotRegistered","False","no","no","yes","yes","yes","yes","no","no","yes","no","no","no","yes","no","no","no","no","yes","no","no"
"Toolchain Orchestrator","DevOps","Microsoft.ToolchainOrchestrator","NotRegistered","True","global","global","global","global","global","global","global","global","global","global","global","global","global","global","global","global","global","global","global","global"
"GitHub Enterprise Cloud Networking","DevOps (3rd party)","GitHub.Network","NotRegistered","False","yes","no","yes","yes","yes","yes","no","no","yes","yes","no","no","yes","no","no","no","yes","yes","no","no"
"AKS on Azure Local","Hybrid + Multicloud","Microsoft.HybridContainerService","NotRegistered","False","no","no","yes","no","yes","no","no","no","yes","no","no","no","no","no","no","no","no","yes","no","no"
"AWS Connector for Azure Arc","Hybrid + Multicloud","Microsoft.AWSConnector","NotRegistered","False","no","no","yes","yes","yes","yes","no","no","yes","yes","no","no","yes","yes","no","no","yes","yes","no","no"
"Azure Arc Hybrid Connectivity","Hybrid + Multicloud","Microsoft.HybridConnectivity","NotRegistered","False","no","no","yes","yes","yes","yes","no","yes","yes","yes","no","no","yes","yes","yes","no","yes","yes","no","no"
"Azure Arc Resource Bridge","Hybrid + Multicloud","Microsoft.ResourceConnector","NotRegistered","False","no","no","yes","yes","yes","yes","no","no","yes","no","no","no","no","no","no","no","no","yes","no","no"
"Azure Arc-enabled Data Services","Hybrid + Multicloud","Microsoft.AzureArcData","NotRegistered","False","no","no","yes","no","yes","yes","no","no","yes","yes","no","no","yes","no","no","no","no","yes","no","no"
"Azure Arc-enabled Kubernetes","Hybrid + Multicloud","Microsoft.Kubernetes","NotRegistered","False","no","no","yes","yes","yes","yes","no","yes","yes","yes","no","no","yes","no","yes","no","yes","yes","no","no"
"Azure Arc-enabled SCVMM","Hybrid + Multicloud","Microsoft.SCVMM","NotRegistered","False","no","no","yes","no","no","no","no","no","no","no","no","no","no","no","no","no","no","yes","no","no"
"Azure Arc-enabled Servers","Hybrid + Multicloud","Microsoft.HybridCompute","NotRegistered","False","no","no","yes","yes","yes","yes","no","yes","yes","yes","no","no","yes","yes","yes","no","yes","yes","no","no"
"Azure Arc-enabled VMware vSphere","Hybrid + Multicloud","Microsoft.ConnectedVMwarevSphere","NotRegistered","False","no","no","yes","no","yes","yes","no","no","yes","no","no","no","no","no","no","no","no","yes","no","no"
"Azure Extended Locations","Hybrid + Multicloud","Microsoft.ExtendedLocation","NotRegistered","False","no","no","yes","yes","yes","yes","no","no","yes","no","no","no","yes","no","no","no","yes","yes","no","no"
"Azure Local (Stack HCI)","Hybrid + Multicloud","Microsoft.AzureStackHCI","NotRegistered","False","no","no","yes","no","yes","no","no","no","yes","no","no","no","no","no","no","no","no","yes","no","no"
"Azure Stack","Hybrid + Multicloud","Microsoft.AzureStack","NotRegistered","False","no","no","no","no","no","no","no","no","no","no","no","no","no","no","no","no","no","yes","no","no"
"Connected OpenStack","Hybrid + Multicloud","microsoft.connectedopenstack","NotRegistered","False","no","no","no","no","no","no","no","no","no","no","no","no","no","no","no","no","no","no","no","no"
"GCP Connector for Azure Arc","Hybrid + Multicloud","Microsoft.GCPConnector","NotRegistered","False","no","no","yes","no","no","no","no","no","no","no","no","no","no","no","no","no","no","no","no","no"
"Hybrid Cloud","Hybrid + Multicloud","Microsoft.HybridCloud","NotRegistered","False","yes","no","yes","yes","yes","yes","no","no","yes","yes","no","no","yes","yes","no","no","yes","yes","no","yes"
"Azure Active Directory Domain Services","Identity","Microsoft.AAD","NotRegistered","False","no","no","yes","yes","yes","yes","no","yes","yes","yes","no","no","yes","yes","yes","yes","yes","yes","no","yes"
"Azure AD B2C","Identity","Microsoft.AzureActiveDirectory","NotRegistered","False","no","no","no","no","no","no","no","no","no","no","no","no","no","no","no","no","no","no","no","no"
"Azure RBAC / Authorization","Identity","Microsoft.Authorization","Registered","False","no","no","no","no","no","no","no","no","no","no","no","no","no","no","no","no","no","no","no","no"
"Connected Credentials","Identity","Microsoft.ConnectedCredentials","NotRegistered","False","no","no","yes","no","yes","no","no","no","yes","no","no","no","yes","no","no","no","no","yes","no","no"
"Directory Store","Identity","Microsoft.DirectoryStore","NotRegistered","False","no","no","no","no","no","no","no","no","no","no","no","no","no","no","no","no","no","no","no","no"
"Entra Connect Health","Identity","Microsoft.ADHybridHealthService","Registered","False","no","no","no","no","no","no","no","no","no","no","no","no","no","no","no","no","no","no","no","no"
"Entra Custom Security Attributes Diagnostic Settings","Identity","Microsoft.AadCustomSecurityAttributesDiagnosticSettings","NotRegistered","False","no","no","no","no","no","no","no","no","no","no","no","no","no","no","no","no","no","no","no","no"
"Entra Entitlement Management","Identity","Microsoft.EntitlementManagement","NotRegistered","False","no","no","no","no","no","no","no","no","no","no","no","no","no","no","no","no","no","no","no","no"
"Entra ID (IAM diagnostic)","Identity","microsoft.aadiam","NotRegistered","False","no","no","no","no","no","no","no","no","no","no","no","no","no","no","no","no","no","no","no","no"
"Entra ID Governance","Identity","Microsoft.EntraIDGovernance","NotRegistered","False","no","no","no","no","no","no","no","no","no","no","no","no","no","no","no","no","no","no","no","no"
"Entra ID Governance Accelerator","Identity","Microsoft.EntraIdGovernanceAccelerator","NotRegistered","False","no","no","no","no","no","no","no","no","no","no","no","no","no","no","no","no","no","no","no","no"
"Managed Identities","Identity","Microsoft.ManagedIdentity","Registered","False","yes","no","yes","yes","yes","yes","no","yes","yes","yes","no","no","yes","yes","yes","yes","yes","yes","no","yes"
"Microsoft Entra Verified ID","Identity","Microsoft.VerifiedId","NotRegistered","False","no","no","yes","yes","no","no","no","no","yes","yes","no","no","no","no","no","no","no","no","no","no"
"Microsoft Graph Services","Identity","Microsoft.GraphServices","NotRegistered","False","no","no","no","no","no","no","no","no","no","no","no","no","no","no","no","no","no","no","no","no"
"Azure API Center","Integration","Microsoft.ApiCenter","NotRegistered","False","no","no","yes","no","yes","no","no","no","no","no","no","no","no","no","no","no","no","no","no","no"
"Azure API Management","Integration","Microsoft.ApiManagement","Registered","False","yes","no","yes","yes","yes","yes","no","yes","yes","yes","no","no","yes","yes","yes","yes","yes","yes","no","yes"
"Azure Communication Services","Integration","Microsoft.Communication","NotRegistered","False","no","no","no","no","no","no","no","no","no","no","no","no","no","no","no","no","no","no","no","no"
"Azure Durable Task","Integration","Microsoft.DurableTask","NotRegistered","False","yes","no","yes","yes","yes","yes","no","no","yes","yes","no","no","yes","yes","no","no","yes","yes","no","no"
"Azure Event Grid","Integration","Microsoft.EventGrid","Registered","False","yes","yes","yes","yes","yes","yes","no","yes","yes","yes","no","no","yes","yes","yes","yes","yes","yes","no","yes"
"Azure Event Hubs","Integration","Microsoft.EventHub","Registered","False","yes","yes","yes","yes","yes","yes","no","yes","yes","yes","no","no","yes","yes","yes","yes","yes","yes","no","yes"
"Azure Integration Environments","Integration","Microsoft.IntegrationSpaces","NotRegistered","False","no","no","yes","yes","yes","yes","no","no","yes","yes","no","no","yes","yes","no","no","yes","no","no","yes"
"Azure Logic Apps","Integration","Microsoft.Logic","Registered","False","no","no","yes","yes","yes","yes","no","yes","yes","yes","no","no","yes","yes","yes","yes","yes","yes","no","yes"
"Azure Notification Hubs","Integration","Microsoft.NotificationHubs","Registered","False","yes","yes","yes","yes","yes","yes","no","no","yes","yes","no","no","yes","no","no","no","yes","yes","no","yes"
"Azure Relay","Integration","Microsoft.Relay","Registered","False","yes","no","yes","yes","yes","yes","no","yes","yes","yes","no","no","yes","yes","yes","yes","yes","yes","no","yes"
"Azure Service Bus","Integration","Microsoft.ServiceBus","Registered","False","yes","yes","yes","yes","yes","yes","no","yes","yes","yes","no","no","yes","yes","yes","yes","yes","yes","no","yes"
"Dynamics 365 Customer Insights","Integration","Microsoft.D365CustomerInsights","NotRegistered","True","global","global","global","global","global","global","global","global","global","global","global","global","global","global","global","global","global","global","global","global"
"Messaging Catalog","Integration","Microsoft.MessagingCatalog","NotRegistered","False","no","no","no","no","no","no","no","no","no","no","no","no","no","no","no","no","no","no","no","no"
"Messaging Connectors","Integration","Microsoft.MessagingConnectors","NotRegistered","False","no","no","no","no","no","no","no","no","no","no","no","no","no","no","no","no","no","no","no","no"
"Power Platform","Integration","Microsoft.PowerPlatform","NotRegistered","False","no","no","no","no","no","no","no","no","no","no","no","no","no","no","no","no","no","no","no","no"
"Power Platform Monitoring Hub","Integration","MICROSOFT.POWERPLATFORMMONITORINGHUB","NotRegistered","False","no","no","no","no","no","no","no","no","no","no","no","no","no","no","no","no","no","no","no","no"
"Windows Push Notification Services","Integration","Microsoft.WindowsPushNotificationServices","NotRegistered","True","global","global","global","global","global","global","global","global","global","global","global","global","global","global","global","global","global","global","global","global"
"Azure Device Registry","IoT","Microsoft.DeviceRegistry","NotRegistered","False","no","no","no","no","no","no","no","no","no","no","no","no","no","no","no","no","no","no","no","no"
"Azure Digital Twins","IoT","Microsoft.DigitalTwins","NotRegistered","False","no","no","yes","no","no","no","no","no","yes","no","no","no","yes","no","no","no","no","yes","no","no"
"Azure Edge","IoT","Microsoft.Edge","NotRegistered","False","no","no","yes","yes","yes","yes","no","no","yes","no","no","no","yes","no","no","no","no","yes","no","no"
"Azure IoT Central","IoT","Microsoft.IoTCentral","NotRegistered","False","no","no","yes","no","no","no","no","no","yes","no","no","no","no","no","no","no","no","yes","no","no"
"Azure IoT Hub","IoT","Microsoft.Devices","Registered","False","yes","yes","yes","yes","yes","yes","no","no","yes","yes","no","no","yes","yes","no","no","yes","yes","no","no"
"Azure IoT Operations","IoT","Microsoft.IoTOperations","NotRegistered","False","no","no","no","no","no","no","no","no","no","no","no","no","no","no","no","no","no","no","no","no"
"Azure Sphere","IoT","Microsoft.AzureSphere","NotRegistered","False","no","no","no","no","no","no","no","no","no","no","no","no","no","no","no","no","no","no","no","no"
"Connected Vehicle Platform","IoT","Microsoft.ConnectedVehicle","NotRegistered","False","no","no","no","no","no","no","no","no","no","no","no","no","no","no","no","no","no","no","no","no"
"Defender for IoT","IoT","Microsoft.IoTSecurity","NotRegistered","False","yes","yes","yes","yes","yes","yes","no","no","yes","yes","no","no","yes","yes","no","no","yes","yes","no","yes"
"Defender for IoT Firmware Analysis","IoT","Microsoft.IoTFirmwareDefense","NotRegistered","False","no","no","no","no","no","no","no","no","no","no","no","no","no","no","no","no","no","no","no","no"
"Device Onboarding","IoT","Microsoft.DeviceOnboarding","NotRegistered","False","no","no","no","no","no","no","no","no","no","no","no","no","no","no","no","no","no","no","no","no"
"Device Update for IoT Hub","IoT","Microsoft.DeviceUpdate","NotRegistered","False","no","no","yes","no","no","no","no","no","no","no","no","no","no","no","no","no","no","yes","no","no"
"IoT Operations Data Processor","IoT","Microsoft.IoTOperationsDataProcessor","NotRegistered","False","no","no","no","no","no","no","no","no","no","no","no","no","no","no","no","no","no","yes","no","no"
"Azure Advisor","Management","Microsoft.Advisor","Registered","True","global","global","global","global","global","global","global","global","global","global","global","global","global","global","global","global","global","global","global","global"
"Azure Approvals","Management","Microsoft.Approvals","NotRegistered","False","no","no","no","no","no","no","no","no","no","no","no","no","no","no","no","no","no","no","no","no"
"Azure Automanage","Management","Microsoft.Automanage","NotRegistered","False","no","no","yes","yes","no","no","no","no","yes","no","no","no","no","no","no","no","no","yes","no","no"
"Azure Automation","Management","Microsoft.Automation","Registered","False","yes","yes","yes","yes","yes","yes","no","no","yes","yes","no","no","yes","yes","no","no","yes","yes","no","no"
"Azure Billing","Management","Microsoft.Billing","Registered","True","global","global","global","global","global","global","global","global","global","global","global","global","global","global","global","global","global","global","global","global"
"Azure Billing Trust","Management","Microsoft.BillingTrust","NotRegistered","False","no","no","no","no","no","no","no","no","no","no","no","no","no","no","no","no","no","no","no","no"
"Azure Blueprints","Management","Microsoft.Blueprint","Registered","True","global","global","global","global","global","global","global","global","global","global","global","global","global","global","global","global","global","global","global","global"
"Azure Commerce","Management","Microsoft.Commerce","Registered","True","global","global","global","global","global","global","global","global","global","global","global","global","global","global","global","global","global","global","global","global"
"Azure Consumption","Management","Microsoft.Consumption","Registered","True","global","global","global","global","global","global","global","global","global","global","global","global","global","global","global","global","global","global","global","global"
"Azure Context Cache","Management","Microsoft.AzureContextCache","NotRegistered","False","no","no","no","no","no","no","no","no","no","no","no","no","no","no","no","no","no","no","no","no"
"Azure Feature Registrations","Management","Microsoft.Features","Registered","True","global","global","global","global","global","global","global","global","global","global","global","global","global","global","global","global","global","global","global","global"
"Azure Help + Support","Management","Microsoft.Help","NotRegistered","True","global","global","global","global","global","global","global","global","global","global","global","global","global","global","global","global","global","global","global","global"
"Azure Hybrid Benefit / Software Plans","Management","Microsoft.SoftwarePlan","NotRegistered","False","no","no","no","no","no","no","no","no","no","no","no","no","no","no","no","no","no","no","no","no"
"Azure Impact Reporting","Management","Microsoft.Impact","NotRegistered","False","no","no","no","no","no","no","no","no","no","no","no","no","no","no","no","no","no","no","no","no"
"Azure Lighthouse","Management","Microsoft.ManagedServices","Registered","True","global","global","global","global","global","global","global","global","global","global","global","global","global","global","global","global","global","global","global","global"
"Azure Maintenance","Management","Microsoft.Maintenance","Registered","False","yes","yes","yes","yes","yes","yes","no","yes","yes","yes","no","no","yes","yes","yes","yes","yes","yes","no","yes"
"Azure Managed Applications","Management","Microsoft.Solutions","NotRegistered","False","yes","no","yes","yes","yes","yes","no","yes","yes","yes","no","no","yes","yes","yes","yes","yes","yes","no","yes"
"Azure Management Groups","Management","Microsoft.Management","Registered","True","global","global","global","global","global","global","global","global","global","global","global","global","global","global","global","global","global","global","global","global"
"Azure Policy Guest Configuration","Management","Microsoft.GuestConfiguration","Registered","True","global","global","global","global","global","global","global","global","global","global","global","global","global","global","global","global","global","global","global","global"
"Azure Policy Insights","Management","Microsoft.PolicyInsights","Registered","True","global","global","global","global","global","global","global","global","global","global","global","global","global","global","global","global","global","global","global","global"
"Azure Portal Dashboards","Management","Microsoft.Portal","Registered","False","yes","yes","yes","yes","yes","yes","no","no","yes","yes","no","no","yes","yes","no","no","yes","yes","no","yes"
"Azure Portal Services","Management","Microsoft.PortalServices","NotRegistered","False","no","no","no","no","no","no","no","no","no","no","no","no","no","no","no","no","no","no","no","no"
"Azure Quota","Management","Microsoft.Quota","NotRegistered","True","global","global","global","global","global","global","global","global","global","global","global","global","global","global","global","global","global","global","global","global"
"Azure Reserved Capacity","Management","Microsoft.Capacity","NotRegistered","False","no","no","no","no","no","no","no","no","no","no","no","no","no","no","no","no","no","no","no","no"
"Azure Resilience Management","Management","Microsoft.AzureResilienceManagement","NotRegistered","False","no","no","no","no","no","no","no","no","no","no","no","no","no","no","no","no","no","no","no","no"
"Azure Resource Graph","Management","Microsoft.ResourceGraph","Registered","False","no","no","no","no","no","no","no","no","no","no","no","no","no","no","no","no","no","no","no","no"
"Azure Resource Health","Management","Microsoft.ResourceHealth","NotRegistered","True","global","global","global","global","global","global","global","global","global","global","global","global","global","global","global","global","global","global","global","global"
"Azure Resource Manager (ARM)","Management","Microsoft.Resources","Registered","False","yes","yes","yes","yes","yes","yes","no","yes","yes","yes","no","no","yes","yes","yes","yes","yes","yes","no","yes"
"Azure Resource Notifications","Management","Microsoft.ResourceNotifications","Registered","False","no","no","no","no","no","yes","no","no","no","no","no","no","no","no","no","no","no","yes","no","no"
"Azure Savings Plans","Management","Microsoft.BillingBenefits","NotRegistered","False","no","no","no","yes","no","no","no","no","no","no","no","no","no","no","no","no","yes","no","no","no"
"Azure Sovereign","Management","Microsoft.Sovereign","NotRegistered","False","no","no","no","no","no","no","no","no","no","no","no","no","no","no","no","no","no","no","no","no"
"Azure Subscriptions","Management","Microsoft.Subscription","NotRegistered","True","global","global","global","global","global","global","global","global","global","global","global","global","global","global","global","global","global","global","global","global"
"Azure Support","Management","microsoft.support","Registered","False","no","no","yes","yes","no","yes","no","no","yes","yes","no","no","no","no","no","no","no","yes","no","no"
"Azure Support Add-ons","Management","Microsoft.Addons","NotRegistered","False","no","no","no","no","no","no","no","no","no","no","no","no","no","no","no","no","no","no","no","no"
"Azure Update Manager","Management","Microsoft.UpdateManager","NotRegistered","True","global","global","global","global","global","global","global","global","global","global","global","global","global","global","global","global","global","global","global","global"
"Change Safety","Management","Microsoft.ChangeSafety","Registered","False","no","no","no","no","no","yes","no","no","no","no","no","no","no","no","no","no","no","no","no","no"
"Cloud Device Platform","Management","Microsoft.CloudDevicePlatform","NotRegistered","True","global","global","global","global","global","global","global","global","global","global","global","global","global","global","global","global","global","global","global","global"
"Cloud Health","Management","Microsoft.CloudHealth","NotRegistered","False","no","no","yes","no","no","no","no","no","no","no","no","no","no","no","no","no","no","yes","no","no"
"Cost Management Exports","Management","Microsoft.CostManagementExports","NotRegistered","True","global","global","global","global","global","global","global","global","global","global","global","global","global","global","global","global","global","global","global","global"
"Custom Providers","Management","Microsoft.CustomProviders","Registered","False","no","no","yes","yes","no","no","no","no","no","no","no","no","no","no","no","no","no","no","no","no"
"Discovery Service","Management","Microsoft.Discovery","NotRegistered","False","no","no","no","no","no","no","no","no","no","no","no","no","no","no","no","no","no","no","no","no"
"Enterprise Support","Management","Microsoft.EnterpriseSupport","NotRegistered","False","no","no","no","no","no","no","no","no","no","no","no","no","no","no","no","no","no","no","no","no"
"Falcon (internal)","Management","Microsoft.Falcon","NotRegistered","False","no","no","no","no","no","yes","no","no","no","no","no","no","no","yes","no","no","no","no","no","no"
"Managed Ops","Management","Microsoft.ManagedOps","NotRegistered","False","no","no","no","no","no","no","no","no","no","no","no","no","no","no","no","no","no","no","no","no"
"Microsoft Cost Management","Management","Microsoft.CostManagement","Registered","True","global","global","global","global","global","global","global","global","global","global","global","global","global","global","global","global","global","global","global","global"
"Microsoft Sustainability Manager","Management","Microsoft.Carbon","NotRegistered","True","global","global","global","global","global","global","global","global","global","global","global","global","global","global","global","global","global","global","global","global"
"Mission (internal)","Management","Microsoft.Mission","NotRegistered","False","no","no","no","no","no","no","no","no","no","no","no","no","no","no","no","no","no","no","no","no"
"Partner Enrollment","Management","Microsoft.PartnerEnrollment","NotRegistered","False","no","no","no","no","no","no","no","no","no","no","no","no","no","no","no","no","no","no","no","no"
"Partner Managed Consumer Recurrence","Management","Microsoft.PartnerManagedConsumerRecurrence","NotRegistered","True","global","global","global","global","global","global","global","global","global","global","global","global","global","global","global","global","global","global","global","global"
"Premonition","Management","Microsoft.Premonition","NotRegistered","False","no","no","no","no","no","no","no","no","no","no","no","no","no","no","no","no","no","no","no","no"
"Professional Services","Management","Microsoft.ProfessionalService","NotRegistered","False","no","no","no","no","no","no","no","no","no","no","no","no","no","no","no","no","no","no","no","no"
"Program Enrollment","Management","Microsoft.ProgramEnrollment","NotRegistered","False","no","no","no","no","no","no","no","no","no","no","no","no","no","no","no","no","no","no","no","no"
"Provider Hub","Management","Microsoft.ProviderHub","NotRegistered","True","global","global","global","global","global","global","global","global","global","global","global","global","global","global","global","global","global","global","global","global"
"Resource Builder","Management","Microsoft.ResourceBuilder","NotRegistered","False","no","no","no","no","no","no","no","no","no","no","no","no","no","no","no","no","no","yes","no","no"
"Resource Intelligence","Management","Microsoft.ResourceIntelligence","Registered","False","no","no","no","no","no","no","no","no","no","no","no","no","no","no","no","no","no","no","no","no"
"Resource Relationships","Management","Microsoft.Relationships","NotRegistered","True","global","global","global","global","global","global","global","global","global","global","global","global","global","global","global","global","global","global","global","global"
"Services Hub","Management","Microsoft.ServicesHub","NotRegistered","False","yes","yes","yes","yes","yes","yes","no","yes","yes","yes","no","no","yes","yes","yes","yes","yes","yes","no","yes"
"Sustainability Services","Management","Microsoft.SustainabilityServices","NotRegistered","False","no","no","no","no","no","no","no","no","no","no","no","no","no","no","no","no","no","no","no","no"
"Usage Billing","Management","Microsoft.UsageBilling","NotRegistered","False","yes","yes","yes","yes","yes","yes","no","yes","yes","yes","no","no","yes","yes","yes","yes","yes","yes","no","no"
"Validate","Management","Microsoft.Validate","NotRegistered","False","no","no","no","no","no","no","no","no","no","no","no","no","no","no","no","no","no","no","no","no"
"Workload Builder","Management","Microsoft.WorkloadBuilder","NotRegistered","False","no","no","no","no","no","no","no","no","no","no","no","no","no","no","no","no","no","no","no","no"
"Liftr Sample RP","Management (3rd party)","Liftrbasic.Samplerp","NotRegistered","False","no","no","no","no","no","no","no","no","no","no","no","no","no","no","no","no","no","no","no","no"
"Azure Marketplace","Marketplace","Microsoft.Marketplace","NotRegistered","True","global","global","global","global","global","global","global","global","global","global","global","global","global","global","global","global","global","global","global","global"
"Azure Marketplace Ordering","Marketplace","Microsoft.MarketplaceOrdering","Registered","False","no","no","no","no","no","no","no","no","no","no","no","no","no","no","no","no","no","no","no","no"
"Azure SaaS","Marketplace","Microsoft.SaaS","NotRegistered","False","no","no","no","no","no","no","no","no","no","no","no","no","no","no","no","no","no","no","no","no"
"Edge Marketplace","Marketplace","Microsoft.EdgeMarketplace","NotRegistered","False","no","no","no","no","no","no","no","no","no","no","no","no","no","no","no","no","no","no","no","no"
"SaaS Hub","Marketplace","Microsoft.SaaSHub","NotRegistered","False","yes","yes","yes","yes","yes","yes","no","yes","yes","yes","no","no","yes","yes","yes","yes","yes","no","no","no"
"Napster Companion","Media (3rd party)","Napster.CompanionAPI","NotRegistered","False","no","no","no","no","no","no","no","no","no","no","no","no","no","no","no","no","no","no","no","no"
"Application Migration","Migration","Microsoft.ApplicationMigration","NotRegistered","False","no","no","yes","yes","yes","yes","no","yes","yes","yes","no","no","yes","yes","yes","yes","yes","yes","no","no"
"Azure App Assessment","Migration","Microsoft.AppAssessment","NotRegistered","False","no","no","no","no","no","no","no","no","no","no","no","no","no","no","no","no","no","no","no","no"
"Azure Database Migration Service","Migration","Microsoft.DataMigration","Registered","False","yes","yes","yes","yes","yes","yes","no","yes","yes","yes","no","no","yes","yes","no","yes","yes","yes","no","yes"
"Azure Migrate","Migration","Microsoft.Migrate","NotRegistered","False","no","no","yes","yes","yes","yes","no","yes","yes","yes","no","no","yes","yes","yes","yes","yes","yes","no","no"
"Azure Migrate - Off-Azure discovery","Migration","Microsoft.OffAzure","NotRegistered","False","no","no","yes","yes","yes","yes","no","yes","yes","yes","no","no","yes","yes","yes","yes","yes","yes","no","no"
"Migrate Spring Boot to Azure","Migration","Microsoft.OffAzureSpringBoot","NotRegistered","False","no","no","yes","no","no","no","no","no","yes","yes","no","no","yes","no","no","no","no","yes","no","no"
"Azure Diagnostics","Monitor","Microsoft.Diagnostics","Registered","True","global","global","global","global","global","global","global","global","global","global","global","global","global","global","global","global","global","global","global","global"
"Azure Managed Grafana","Monitor","Microsoft.Dashboard","NotRegistered","False","yes","no","yes","yes","yes","yes","no","yes","yes","yes","no","no","yes","no","yes","no","yes","yes","no","no"
"Azure Monitor / Application Insights","Monitor","microsoft.insights","Registered","False","yes","yes","yes","yes","yes","yes","no","yes","yes","yes","no","no","yes","yes","yes","yes","yes","yes","no","yes"
"Azure Monitor Alerts","Monitor","Microsoft.AlertsManagement","NotRegistered","False","yes","yes","yes","yes","yes","yes","no","yes","yes","yes","no","no","yes","yes","yes","yes","yes","yes","no","no"
"Azure Monitor SCOM Managed Instance","Monitor","Microsoft.Scom","NotRegistered","False","no","no","yes","no","yes","no","no","no","yes","no","no","no","no","no","no","no","yes","yes","no","no"
"Azure Monitor Workspace (Prometheus)","Monitor","Microsoft.Monitor","NotRegistered","False","yes","yes","yes","yes","yes","yes","no","yes","yes","yes","no","no","yes","yes","yes","yes","yes","yes","no","yes"
"Datadog on Azure","Monitor","Microsoft.Datadog","NotRegistered","False","no","no","no","no","no","no","no","no","no","no","no","no","no","no","no","no","no","no","no","no"
"Elastic on Azure","Monitor","Microsoft.Elastic","NotRegistered","False","no","no","yes","no","yes","no","no","no","yes","no","no","no","no","no","no","no","no","yes","no","no"
"Health Model","Monitor","Microsoft.HealthModel","NotRegistered","True","global","global","global","global","global","global","global","global","global","global","global","global","global","global","global","global","global","global","global","global"
"Log Analytics","Monitor","Microsoft.OperationalInsights","Registered","False","yes","yes","yes","yes","yes","yes","no","yes","yes","yes","no","no","yes","yes","yes","yes","yes","yes","no","yes"
"Operations Management Suite","Monitor","Microsoft.OperationsManagement","Registered","False","yes","yes","yes","yes","yes","yes","no","yes","yes","yes","no","no","yes","yes","yes","yes","yes","yes","no","no"
"Service Map / Dependency","Monitor","Microsoft.DependencyMap","NotRegistered","False","no","no","yes","yes","yes","yes","no","yes","yes","yes","no","no","yes","yes","yes","yes","yes","yes","no","no"
"Dynatrace on Azure","Monitor (3rd party)","Dynatrace.Observability","NotRegistered","False","no","no","yes","no","no","no","no","no","no","no","no","no","no","no","no","no","no","no","no","no"
"New Relic on Azure","Monitor (3rd party)","NewRelic.Observability","NotRegistered","False","no","no","no","no","no","no","no","no","no","no","no","no","no","no","no","no","no","no","no","no"
"Azure CDN / Front Door","Networking","Microsoft.Cdn","Registered","False","no","no","yes","yes","yes","yes","no","no","yes","yes","no","no","no","no","no","no","yes","yes","no","yes"
"Azure Edge Zones","Networking","Microsoft.EdgeZones","NotRegistered","True","global","global","global","global","global","global","global","global","global","global","global","global","global","global","global","global","global","global","global","global"
"Azure Managed Network Fabric","Networking","Microsoft.ManagedNetworkFabric","NotRegistered","False","no","no","yes","no","no","no","no","no","no","no","no","no","no","no","no","no","no","no","no","no"
"Azure Network Function Manager","Networking","Microsoft.NetworkFunction","NotRegistered","False","yes","yes","yes","yes","yes","yes","no","no","no","yes","no","no","yes","yes","no","no","yes","yes","no","no"
"Azure Networking (VNet/LB/Firewall/etc)","Networking","Microsoft.Network","Registered","False","yes","yes","yes","yes","yes","yes","no","yes","yes","yes","no","no","yes","yes","yes","yes","yes","yes","no","yes"
"Azure Operator Nexus","Networking","Microsoft.HybridNetwork","NotRegistered","False","no","no","no","no","no","no","no","no","no","no","no","no","no","no","no","no","no","no","no","no"
"Azure Operator Nexus - Network Cloud","Networking","Microsoft.NetworkCloud","NotRegistered","False","no","no","no","no","no","no","no","no","no","no","no","no","no","no","no","no","no","no","no","no"
"Azure Orbital Ground Station","Networking","Microsoft.Orbital","NotRegistered","False","no","no","yes","no","no","no","no","no","no","no","no","no","no","no","no","no","no","no","no","no"
"Azure Peering Service","Networking","Microsoft.Peering","NotRegistered","False","yes","no","yes","yes","no","yes","no","no","yes","yes","no","no","yes","no","no","no","yes","yes","no","yes"
"Azure Service Networking (App Gw for Containers)","Networking","Microsoft.ServiceNetworking","NotRegistered","False","no","no","yes","no","yes","yes","no","no","yes","no","no","no","yes","no","no","no","no","yes","no","no"
"Connected Cache","Networking","Microsoft.ConnectedCache","NotRegistered","False","no","no","no","no","no","no","no","no","no","no","no","no","yes","no","no","no","no","no","no","no"
"Operator Nexus Identity","Networking","Microsoft.NexusIdentity","NotRegistered","False","no","no","yes","no","no","no","no","no","no","no","no","no","no","no","no","no","no","no","no","no"
"Operator Voicemail","Networking","Microsoft.OperatorVoicemail","NotRegistered","False","no","no","no","no","no","no","no","no","no","no","no","no","no","no","no","no","no","no","no","no"
"NGINX Plus on Azure","Networking (3rd party)","NGINX.NGINXPLUS","NotRegistered","False","no","no","yes","no","yes","no","no","no","yes","no","no","no","yes","no","no","no","yes","yes","no","yes"
"App Compliance Automation","Security","Microsoft.AppComplianceAutomation","NotRegistered","False","no","no","no","no","no","no","no","no","no","no","no","no","no","no","no","no","no","no","no","no"
"Azure Attestation","Security","Microsoft.Attestation","NotRegistered","False","yes","yes","yes","yes","yes","yes","no","yes","yes","yes","no","no","yes","yes","yes","yes","yes","yes","no","yes"
"Azure Cloud PKI","Security","Microsoft.Pki","NotRegistered","True","global","global","global","global","global","global","global","global","global","global","global","global","global","global","global","global","global","global","global","global"
"Azure Confidential Clean Room","Security","Microsoft.CleanRoom","NotRegistered","False","no","no","no","no","no","no","no","no","no","no","no","no","no","no","no","no","no","no","no","no"
"Azure Confidential Ledger","Security","Microsoft.ConfidentialLedger","NotRegistered","False","no","no","yes","no","yes","no","no","no","no","no","no","no","no","no","no","no","no","yes","no","no"
"Azure Dedicated HSM / Managed HSM","Security","Microsoft.HardwareSecurityModules","NotRegistered","False","no","no","yes","yes","yes","yes","no","no","yes","yes","no","no","no","no","no","no","yes","yes","no","no"
"Azure Key Vault","Security","Microsoft.KeyVault","Registered","False","yes","yes","yes","yes","yes","yes","no","yes","yes","yes","no","no","yes","yes","yes","yes","yes","yes","no","yes"
"Azure Scan (Defender)","Security","Microsoft.AzureScan","NotRegistered","False","no","no","no","no","no","no","no","no","no","no","no","no","no","no","no","no","no","no","no","no"
"Customer Lockbox","Security","Microsoft.CustomerLockbox","NotRegistered","True","global","global","global","global","global","global","global","global","global","global","global","global","global","global","global","global","global","global","global","global"
"Defender External Attack Surface Management","Security","Microsoft.Easm","NotRegistered","False","no","no","yes","no","no","yes","no","no","yes","no","no","no","no","no","no","no","no","no","no","no"
"Microsoft Defender for Cloud","Security","Microsoft.Security","Registered","False","yes","yes","yes","yes","yes","yes","no","yes","yes","yes","no","no","yes","yes","yes","yes","yes","yes","no","yes"
"Microsoft Security Copilot","Security","Microsoft.SecurityCopilot","NotRegistered","False","no","no","yes","no","no","no","no","no","no","no","no","no","no","no","no","no","no","no","no","no"
"Microsoft Sentinel","Security","Microsoft.SecurityInsights","Registered","False","no","no","no","no","no","no","no","no","no","no","no","no","no","no","no","no","no","no","no","no"
"Secret Sync Controller","Security","Microsoft.SecretSyncController","NotRegistered","False","no","no","no","no","no","no","no","no","no","no","no","no","no","no","no","no","no","no","no","no"
"Security Detonation","Security","Microsoft.SecurityDetonation","NotRegistered","False","yes","no","yes","yes","yes","no","no","yes","yes","yes","no","no","yes","yes","yes","yes","yes","yes","no","yes"
"Security Platform","Security","Microsoft.SecurityPlatform","NotRegistered","False","no","no","no","no","no","no","no","no","no","no","no","no","no","no","no","no","no","no","no","no"
"Sentinel Platform Services","Security","Microsoft.SentinelPlatformServices","NotRegistered","False","no","no","yes","no","yes","no","no","no","yes","no","no","no","no","no","no","no","no","yes","no","no"
"Trusted Signing","Security","Microsoft.CodeSigning","NotRegistered","False","no","no","no","no","no","no","no","no","yes","no","no","no","yes","no","no","no","no","no","no","no"
"Zero Trust Segmentation","Security","Microsoft.ZeroTrustSegmentation","NotRegistered","False","no","no","no","no","no","no","no","no","no","no","no","no","no","no","no","no","no","no","no","no"
"Palo Alto Networks Cloud NGFW","Security (3rd party)","PaloAltoNetworks.Cloudngfw","NotRegistered","False","no","no","yes","yes","yes","yes","no","no","yes","yes","no","no","yes","no","yes","yes","yes","yes","no","no"
"Azure Container Storage (Arc)","Storage","Microsoft.ArcContainerStorage","NotRegistered","False","no","no","no","no","no","no","no","no","no","no","no","no","no","no","no","no","no","no","no","no"
"Azure Data Box","Storage","Microsoft.DataBox","NotRegistered","False","no","no","yes","no","no","yes","no","no","yes","no","no","no","yes","no","no","no","yes","yes","no","no"
"Azure Data Box Edge / Stack Edge","Storage","Microsoft.DataBoxEdge","NotRegistered","False","no","no","no","no","no","no","no","no","no","no","no","no","no","no","no","no","no","yes","no","no"
"Azure Data Lake Storage Gen1","Storage","Microsoft.DataLakeStore","Registered","True","global","global","global","global","global","global","global","global","global","global","global","global","global","global","global","global","global","global","global","global"
"Azure Data Transfer","Storage","Microsoft.AzureDataTransfer","NotRegistered","False","no","no","no","no","no","no","no","no","no","no","no","no","no","no","no","no","no","no","no","no"
"Azure Edge Order","Storage","Microsoft.EdgeOrder","NotRegistered","False","no","no","no","no","no","no","no","no","no","no","no","no","no","no","no","no","no","yes","no","no"
"Azure Elastic SAN","Storage","Microsoft.ElasticSan","NotRegistered","False","yes","yes","yes","yes","yes","yes","no","no","yes","yes","no","no","yes","yes","no","no","yes","yes","no","no"
"Azure File Shares","Storage","Microsoft.FileShares","NotRegistered","False","yes","no","yes","yes","yes","yes","no","no","yes","yes","no","no","yes","yes","no","no","yes","yes","no","no"
"Azure File Sync","Storage","Microsoft.StorageSync","NotRegistered","False","no","no","yes","yes","yes","yes","no","yes","yes","yes","no","no","yes","yes","yes","yes","yes","yes","no","no"
"Azure HPC Cache / Managed Lustre","Storage","Microsoft.StorageCache","NotRegistered","False","no","no","yes","no","yes","yes","no","yes","yes","yes","no","no","yes","yes","yes","no","no","yes","no","no"
"Azure NetApp Files","Storage","Microsoft.NetApp","NotRegistered","False","yes","yes","yes","yes","yes","yes","no","no","yes","yes","no","no","yes","yes","yes","yes","yes","yes","no","no"
"Azure Storage (Blob/File/Queue/Table)","Storage","Microsoft.Storage","Registered","False","yes","yes","yes","yes","yes","yes","no","yes","yes","yes","no","no","yes","yes","yes","yes","yes","yes","no","yes"
"Azure Storage Mover","Storage","Microsoft.StorageMover","NotRegistered","False","no","no","no","no","no","no","no","no","no","no","no","no","no","no","no","no","no","no","no","no"
"Edge Order Partner","Storage","Microsoft.EdgeOrderPartner","NotRegistered","False","no","no","no","no","no","no","no","no","no","no","no","no","no","no","no","no","no","yes","no","no"
"Object Store","Storage","Microsoft.ObjectStore","NotRegistered","False","no","no","no","no","no","no","no","no","no","no","no","no","no","no","no","no","no","no","no","no"
"Storage Actions","Storage","Microsoft.StorageActions","NotRegistered","False","yes","no","yes","yes","yes","yes","no","no","yes","yes","no","no","yes","yes","no","no","yes","yes","no","yes"
"Storage Actions Tasks","Storage","Microsoft.StorageTasks","NotRegistered","True","global","global","global","global","global","global","global","global","global","global","global","global","global","global","global","global","global","global","global","global"
"Storage Discovery","Storage","Microsoft.StorageDiscovery","NotRegistered","False","no","no","yes","no","yes","no","no","no","yes","no","no","no","no","no","no","no","no","no","no","no"
"Dell APEX File Storage","Storage (3rd party)","Dell.Storage","NotRegistered","False","no","no","yes","no","no","no","no","no","no","no","no","no","no","no","no","no","no","yes","no","no"
"Pure Storage Cloud Block Store","Storage (3rd party)","PURESTORAGE.BLOCK","NotRegistered","False","no","no","yes","no","no","no","no","no","no","no","no","no","no","no","no","no","no","no","no","no"
"Qumulo on Azure","Storage (3rd party)","Qumulo.Storage","NotRegistered","False","no","no","yes","yes","yes","yes","no","no","yes","no","no","no","yes","no","yes","no","no","yes","no","no"
"App Service Certificates","Web","Microsoft.CertificateRegistration","NotRegistered","False","no","no","no","no","no","no","no","no","no","no","no","no","no","no","no","no","no","no","no","no"
"App Service Domains","Web","Microsoft.DomainRegistration","NotRegistered","False","no","no","no","no","no","no","no","no","no","no","no","no","no","no","no","no","no","no","no","no"
"Azure App Service / Functions","Web","Microsoft.Web","Registered","False","yes","yes","yes","yes","yes","yes","no","yes","yes","yes","no","no","yes","yes","yes","yes","yes","yes","no","yes"
"Azure SignalR / Web PubSub","Web","Microsoft.SignalRService","Registered","False","yes","no","yes","yes","yes","yes","no","yes","yes","yes","no","no","yes","no","yes","yes","yes","yes","no","no"
