"Namespace","Registration","ResourceTypes","Global","Central US","Central US (Stage)","Central US EUAP","East US","East US (Stage)","East US 2","East US 2 (Stage)","East US 2 EUAP","East US STG","North Central US","North Central US (Stage)","South Central US","South Central US (Stage)","South Central US STG","West Central US","West US","West US (Stage)","West US 2","West US 2 (Stage)","West US 3"
"Anyscale.Platform","NotRegistered","10","False","no","no","no","yes","no","yes","no","no","no","no","no","yes","no","no","yes","no","no","yes","no","yes"
"ArizeAi.ObservabilityEval","NotRegistered","6","False","no","no","yes","yes","no","no","no","yes","no","no","no","no","no","no","no","no","no","no","no","no"
"Astronomer.Astro","NotRegistered","4","False","no","no","yes","yes","no","no","no","yes","no","no","no","no","no","no","no","no","no","yes","no","no"
"Commvault.ContentStore","NotRegistered","5","False","no","no","yes","yes","no","yes","no","yes","no","no","no","no","no","no","no","no","no","no","no","no"
"Dell.Storage","NotRegistered","6","False","no","no","yes","yes","no","no","no","yes","no","no","no","yes","no","no","no","no","no","yes","no","no"
"Dynatrace.Observability","NotRegistered","16","False","no","no","yes","yes","no","no","no","yes","no","no","no","no","no","no","no","no","no","yes","no","yes"
"GitHub.Network","NotRegistered","3","False","yes","no","no","yes","no","yes","no","no","no","yes","no","yes","no","no","yes","yes","no","yes","no","yes"
"Informatica.DataManagement","NotRegistered","8","False","no","no","yes","no","no","yes","no","yes","no","no","no","no","no","no","no","no","no","yes","no","no"
"LambdaTest.HyperExecute","NotRegistered","6","False","no","no","yes","yes","no","no","no","yes","no","no","no","no","no","no","no","no","no","no","no","no"
"Liftrbasic.Samplerp","NotRegistered","5","False","no","no","yes","yes","no","no","no","yes","no","no","no","no","no","no","no","no","no","no","no","no"
"Microsoft.AAD","NotRegistered","6","False","yes","no","no","yes","no","yes","no","no","no","yes","no","yes","no","no","yes","yes","no","yes","no","yes"
"Microsoft.AadCustomSecurityAttributesDiagnosticSettings","NotRegistered","3","False","no","no","no","no","no","no","no","no","no","no","no","no","no","no","no","yes","no","no","no","no"
"microsoft.aadiam","NotRegistered","4","False","no","no","no","no","no","no","no","no","no","no","no","no","no","no","no","yes","no","no","no","no"
"Microsoft.Addons","NotRegistered","3","False","no","no","no","yes","no","no","no","no","no","no","no","yes","no","no","yes","no","no","no","no","no"
"Microsoft.ADHybridHealthService","Registered","10","False","no","no","no","no","no","no","no","no","no","no","no","no","no","no","no","yes","no","no","no","no"
"Microsoft.Advisor","Registered","17","True","global","global","global","global","global","global","global","global","global","global","global","global","global","global","global","global","global","global","global","global"
"Microsoft.AlertsManagement","NotRegistered","13","False","yes","no","no","yes","no","yes","no","no","no","yes","no","yes","no","no","yes","yes","no","yes","no","yes"
"Microsoft.AnalysisServices","NotRegistered","6","False","yes","no","no","yes","no","yes","no","no","no","yes","no","yes","no","no","yes","yes","no","yes","no","no"
"Microsoft.ApiCenter","NotRegistered","4","False","no","no","no","yes","no","no","no","no","no","no","no","no","no","no","no","no","no","no","no","no"
"Microsoft.ApiManagement","Registered","16","False","yes","no","no","yes","no","yes","no","no","no","yes","no","yes","no","no","yes","yes","no","yes","no","yes"
"Microsoft.App","NotRegistered","48","False","yes","no","no","yes","no","yes","no","no","no","yes","no","yes","no","no","yes","yes","no","yes","no","yes"
"Microsoft.AppAssessment","NotRegistered","4","False","no","no","no","no","no","no","no","yes","no","no","no","no","no","no","yes","no","no","no","no","no"
"Microsoft.AppComplianceAutomation","NotRegistered","15","False","no","no","no","no","no","no","no","no","no","no","no","no","no","no","no","no","no","no","no","yes"
"Microsoft.AppConfiguration","Registered","17","False","yes","no","yes","yes","no","yes","no","yes","no","yes","no","yes","no","no","yes","yes","no","yes","no","yes"
"Microsoft.ApplicationMigration","NotRegistered","43","False","yes","no","no","no","no","no","no","no","no","no","no","no","no","no","no","no","no","yes","no","no"
"Microsoft.AppLink","NotRegistered","3","False","yes","no","no","yes","no","yes","no","no","no","no","no","no","no","no","yes","no","no","yes","no","yes"
"Microsoft.AppPlatform","Registered","24","False","yes","no","no","yes","no","yes","no","no","no","yes","no","yes","no","no","no","yes","no","yes","no","yes"
"Microsoft.Approvals","NotRegistered","2","False","no","no","no","no","no","no","no","no","no","no","no","no","no","no","no","no","no","no","no","no"
"Microsoft.ArcContainerStorage","NotRegistered","2","False","no","no","no","no","no","no","no","no","no","no","no","no","no","no","no","no","no","no","no","no"
"Microsoft.Attestation","NotRegistered","5","False","yes","no","no","yes","no","yes","no","no","no","yes","no","yes","no","no","yes","yes","no","yes","no","yes"
"Microsoft.Authorization","Registered","51","False","no","no","no","no","no","no","no","no","no","no","no","no","no","no","no","no","no","no","no","no"
"Microsoft.Automanage","NotRegistered","7","False","yes","no","no","yes","no","yes","no","no","no","yes","no","yes","no","no","yes","yes","no","yes","no","no"
"Microsoft.Automation","Registered","18","False","yes","no","no","yes","no","yes","no","no","no","yes","no","yes","no","no","yes","yes","no","yes","no","yes"
"Microsoft.AVS","Registered","32","False","yes","no","no","yes","no","yes","no","no","no","yes","no","yes","no","no","yes","yes","no","yes","no","yes"
"Microsoft.AWSConnector","NotRegistered","138","False","yes","no","no","yes","no","yes","no","no","no","yes","no","yes","no","no","yes","yes","no","yes","no","yes"
"Microsoft.AzureActiveDirectory","NotRegistered","10","False","no","no","no","no","no","no","no","no","no","no","no","no","no","no","no","no","no","no","no","no"
"Microsoft.AzureArcData","NotRegistered","13","False","yes","no","yes","yes","no","yes","no","yes","no","yes","no","yes","no","no","yes","yes","no","yes","no","yes"
"Microsoft.AzureBusinessContinuity","NotRegistered","3","True","global","global","global","global","global","global","global","global","global","global","global","global","global","global","global","global","global","global","global","global"
"Microsoft.AzureContextCache","NotRegistered","5","False","yes","no","no","no","no","yes","no","no","no","no","no","no","no","no","no","no","no","no","no","no"
"Microsoft.AzureDataTransfer","NotRegistered","10","False","no","no","no","yes","no","yes","no","no","no","no","no","no","no","no","no","yes","no","yes","no","yes"
"Microsoft.AzureFleet","NotRegistered","4","False","yes","no","no","yes","no","yes","no","no","no","yes","no","yes","no","no","yes","yes","no","yes","no","yes"
"Microsoft.AzureImageTestingForLinux","NotRegistered","1","True","global","global","global","global","global","global","global","global","global","global","global","global","global","global","global","global","global","global","global","global"
"Microsoft.AzureLargeInstance","NotRegistered","4","False","no","no","no","yes","no","no","no","no","no","no","no","yes","no","no","no","no","no","yes","no","no"
"Microsoft.AzurePlaywrightService","NotRegistered","8","False","no","no","no","yes","no","no","no","no","no","no","no","no","no","no","no","no","no","no","no","yes"
"Microsoft.AzureResilienceManagement","NotRegistered","19","False","yes","no","no","no","no","yes","no","no","no","no","no","no","no","no","no","yes","no","yes","no","no"
"Microsoft.AzureScan","NotRegistered","5","False","no","no","yes","yes","no","no","no","no","no","no","no","no","no","no","no","yes","no","no","no","no"
"Microsoft.AzureSphere","NotRegistered","10","False","no","no","no","no","no","yes","no","no","no","no","no","no","no","no","yes","yes","no","yes","no","no"
"Microsoft.AzureStack","NotRegistered","7","False","no","no","no","yes","no","no","no","no","no","no","no","no","no","no","no","no","no","no","no","no"
"Microsoft.AzureStackHCI","NotRegistered","53","False","yes","no","yes","yes","no","yes","no","yes","no","no","no","yes","no","no","yes","no","no","yes","no","no"
"Microsoft.AzureTerraform","NotRegistered","3","True","global","global","global","global","global","global","global","global","global","global","global","global","global","global","global","global","global","global","global","global"
"Microsoft.BackupSolutions","NotRegistered","4","False","no","no","no","yes","no","no","no","no","no","no","no","no","no","no","yes","no","no","no","no","no"
"Microsoft.BareMetal","NotRegistered","9","False","yes","no","no","yes","no","yes","no","no","no","yes","no","yes","no","no","yes","yes","no","yes","no","yes"
"Microsoft.BareMetalInfrastructure","NotRegistered","5","False","no","no","no","yes","no","no","no","no","no","no","no","yes","no","no","no","no","no","yes","no","no"
"Microsoft.Batch","NotRegistered","18","False","yes","no","no","yes","no","yes","no","no","no","yes","no","yes","no","no","yes","yes","no","yes","no","yes"
"Microsoft.Billing","Registered","220","True","global","global","global","global","global","global","global","global","global","global","global","global","global","global","global","global","global","global","global","global"
"Microsoft.BillingBenefits","NotRegistered","27","False","no","no","no","yes","no","yes","no","no","no","no","no","no","no","no","no","yes","no","yes","no","no"
"Microsoft.BillingTrust","NotRegistered","5","False","yes","no","no","no","no","yes","no","no","no","no","no","no","no","no","no","no","no","yes","no","no"
"Microsoft.Bing","NotRegistered","8","False","no","no","no","yes","no","no","no","no","no","no","no","no","no","no","no","yes","no","no","no","no"
"Microsoft.BlockchainTokens","NotRegistered","1","False","no","no","no","no","no","no","no","no","no","no","no","no","no","no","no","yes","no","no","no","no"
"Microsoft.Blueprint","Registered","8","True","global","global","global","global","global","global","global","global","global","global","global","global","global","global","global","global","global","global","global","global"
"Microsoft.BotService","Registered","14","False","no","no","no","no","no","no","no","no","no","no","no","no","no","no","no","yes","no","no","no","no"
"Microsoft.Cache","Registered","23","False","yes","no","no","yes","no","yes","no","no","no","yes","no","yes","no","no","yes","yes","no","yes","no","yes"
"Microsoft.Capacity","NotRegistered","35","False","no","no","no","no","no","no","no","no","no","no","no","yes","no","no","no","no","no","no","no","no"
"Microsoft.Carbon","NotRegistered","3","True","global","global","global","global","global","global","global","global","global","global","global","global","global","global","global","global","global","global","global","global"
"Microsoft.Cdn","Registered","65","False","yes","no","no","yes","no","yes","no","no","no","yes","no","yes","no","no","yes","yes","no","no","no","no"
"Microsoft.CertificateRegistration","NotRegistered","4","False","no","no","no","no","no","no","no","no","no","no","no","no","no","no","no","no","no","no","no","no"
"Microsoft.ChangeSafety","Registered","16","False","yes","no","no","yes","no","yes","no","no","no","no","no","no","no","no","yes","yes","no","no","no","no"
"Microsoft.Chaos","NotRegistered","10","False","yes","no","no","yes","no","yes","no","no","no","yes","no","yes","no","no","yes","yes","no","yes","no","yes"
"Microsoft.CleanRoom","NotRegistered","7","False","no","no","no","no","no","no","no","no","no","no","no","no","no","no","no","yes","no","no","no","no"
"Microsoft.CloudDevicePlatform","NotRegistered","1","True","global","global","global","global","global","global","global","global","global","global","global","global","global","global","global","global","global","global","global","global"
"Microsoft.CloudHealth","NotRegistered","9","False","yes","no","no","yes","no","yes","no","no","no","no","no","no","no","no","no","no","no","no","no","no"
"Microsoft.CloudShell","NotRegistered","1","True","global","global","global","global","global","global","global","global","global","global","global","global","global","global","global","global","global","global","global","global"
"Microsoft.CloudTest","NotRegistered","8","False","yes","no","no","yes","no","yes","no","no","no","yes","no","yes","no","no","yes","yes","no","yes","no","yes"
"Microsoft.CodeSigning","NotRegistered","7","False","yes","no","yes","yes","no","no","no","no","no","yes","no","yes","no","no","yes","yes","no","yes","no","yes"
"Microsoft.CognitiveServices","Registered","38","False","yes","no","yes","yes","no","yes","no","yes","no","yes","no","yes","no","no","yes","yes","no","yes","no","yes"
"Microsoft.Commerce","Registered","3","True","global","global","global","global","global","global","global","global","global","global","global","global","global","global","global","global","global","global","global","global"
"Microsoft.Communication","NotRegistered","14","False","no","no","no","no","no","no","no","no","no","no","no","no","no","no","no","no","no","yes","no","no"
"Microsoft.Compute","Registered","90","False","yes","no","no","yes","no","yes","no","no","no","yes","no","yes","no","no","yes","yes","no","yes","no","yes"
"Microsoft.ComputeBulkActions","NotRegistered","14","False","yes","no","no","yes","no","yes","no","no","no","yes","no","yes","no","no","yes","yes","no","yes","no","yes"
"Microsoft.ComputeLimit","NotRegistered","9","False","yes","no","no","yes","no","yes","no","no","no","yes","no","yes","no","no","yes","yes","no","yes","no","yes"
"Microsoft.ComputeSchedule","NotRegistered","17","False","yes","no","no","yes","no","yes","no","no","no","yes","no","yes","no","no","yes","yes","no","yes","no","yes"
"Microsoft.ConfidentialLedger","NotRegistered","6","False","no","no","yes","yes","no","no","no","yes","no","no","no","yes","no","no","no","yes","no","no","no","no"
"Microsoft.Confluent","NotRegistered","17","False","yes","no","yes","yes","no","yes","no","yes","no","no","no","yes","no","no","yes","no","no","yes","no","yes"
"Microsoft.ConnectedCache","NotRegistered","10","False","no","no","no","yes","no","no","no","no","no","no","no","no","no","no","yes","yes","no","no","no","no"
"Microsoft.ConnectedCredentials","NotRegistered","4","False","yes","no","no","no","no","no","no","no","no","no","no","no","no","no","no","no","no","yes","no","no"
"microsoft.connectedopenstack","NotRegistered","3","False","no","no","no","yes","no","no","no","yes","no","no","no","no","no","no","no","no","no","no","no","no"
"Microsoft.ConnectedVehicle","NotRegistered","5","False","no","no","no","yes","no","no","no","no","no","no","no","no","no","no","no","no","no","yes","no","no"
"Microsoft.ConnectedVMwarevSphere","NotRegistered","16","False","yes","no","no","yes","no","yes","no","yes","no","yes","no","yes","no","no","no","no","no","yes","no","yes"
"Microsoft.Consumption","Registered","25","True","global","global","global","global","global","global","global","global","global","global","global","global","global","global","global","global","global","global","global","global"
"Microsoft.ContainerInstance","Registered","16","False","yes","no","no","yes","no","yes","no","no","no","yes","no","yes","no","no","yes","yes","no","yes","no","yes"
"Microsoft.ContainerRegistry","Registered","46","False","yes","no","no","yes","no","yes","no","no","no","yes","no","yes","no","no","yes","yes","no","yes","no","yes"
"Microsoft.ContainerService","Registered","33","False","yes","no","yes","yes","no","yes","no","yes","no","yes","no","yes","no","no","yes","yes","no","yes","no","yes"
"Microsoft.CostManagement","Registered","41","True","global","global","global","global","global","global","global","global","global","global","global","global","global","global","global","global","global","global","global","global"
"Microsoft.CostManagementExports","NotRegistered","1","True","global","global","global","global","global","global","global","global","global","global","global","global","global","global","global","global","global","global","global","global"
"Microsoft.CustomerLockbox","NotRegistered","5","True","global","global","global","global","global","global","global","global","global","global","global","global","global","global","global","global","global","global","global","global"
"Microsoft.CustomProviders","Registered","8","False","no","no","no","yes","no","no","no","no","no","no","no","no","no","no","no","no","no","yes","no","no"
"Microsoft.D365CustomerInsights","NotRegistered","1","True","global","global","global","global","global","global","global","global","global","global","global","global","global","global","global","global","global","global","global","global"
"Microsoft.Dashboard","NotRegistered","13","False","yes","no","yes","yes","no","yes","no","yes","no","no","no","yes","no","no","yes","yes","no","yes","no","yes"
"Microsoft.DatabaseFleetManager","NotRegistered","1","False","no","no","yes","yes","no","yes","no","yes","no","yes","no","yes","no","no","yes","yes","no","yes","no","yes"
"Microsoft.DatabaseWatcher","NotRegistered","8","False","yes","no","no","yes","no","yes","no","no","no","yes","no","no","no","no","no","yes","no","no","no","no"
"Microsoft.DataBox","NotRegistered","10","False","no","no","no","no","no","no","no","no","no","no","no","no","no","no","no","yes","no","no","no","no"
"Microsoft.DataBoxEdge","NotRegistered","4","False","no","no","no","yes","no","no","no","no","no","no","no","no","no","no","no","no","no","no","no","no"
"Microsoft.Databricks","Registered","8","False","yes","no","no","yes","no","yes","no","no","no","yes","no","yes","no","no","yes","yes","no","yes","no","yes"
"Microsoft.Datadog","NotRegistered","19","False","no","no","yes","no","no","no","no","yes","no","no","no","no","no","no","no","no","no","yes","no","no"
"Microsoft.DataFactory","Registered","8","False","yes","no","no","yes","no","yes","no","no","no","yes","no","yes","no","no","yes","yes","no","yes","no","yes"
"Microsoft.DataLakeAnalytics","Registered","13","False","yes","no","no","no","no","yes","no","no","no","no","no","no","no","no","no","no","no","no","no","no"
"Microsoft.DataLakeStore","Registered","7","True","global","global","global","global","global","global","global","global","global","global","global","global","global","global","global","global","global","global","global","global"
"Microsoft.DataMigration","Registered","13","False","yes","no","yes","yes","no","yes","no","yes","no","yes","no","yes","no","no","yes","yes","no","yes","no","yes"
"Microsoft.DataProtection","Registered","15","False","yes","no","no","yes","no","yes","no","no","no","yes","no","yes","no","no","yes","yes","no","yes","no","yes"
"Microsoft.DataReplication","NotRegistered","6","False","yes","no","no","yes","no","no","no","no","no","no","no","no","no","no","yes","no","no","yes","no","no"
"Microsoft.DataShare","NotRegistered","18","False","yes","no","no","yes","no","yes","no","no","no","no","no","yes","no","no","yes","yes","no","yes","no","no"
"Microsoft.DBforMariaDB","Registered","30","False","yes","no","no","yes","no","yes","no","no","no","yes","no","yes","no","no","yes","yes","no","yes","no","yes"
"Microsoft.DBforMySQL","Registered","42","False","yes","no","yes","yes","no","yes","no","yes","no","yes","no","yes","no","no","yes","yes","no","yes","no","yes"
"Microsoft.DBforPostgreSQL","Registered","43","False","yes","no","yes","yes","no","yes","no","yes","no","yes","no","yes","no","no","yes","yes","no","yes","no","yes"
"Microsoft.DependencyMap","NotRegistered","5","False","yes","no","no","yes","no","no","no","no","no","no","no","no","no","no","no","yes","no","yes","no","no"
"Microsoft.DesktopVirtualization","Registered","16","False","yes","no","no","yes","no","yes","no","no","no","yes","no","yes","no","no","yes","yes","no","yes","no","yes"
"Microsoft.DevCenter","NotRegistered","38","False","yes","no","no","yes","no","yes","no","no","no","no","no","yes","no","no","no","no","no","yes","no","yes"
"Microsoft.DevelopmentWindows365","NotRegistered","1","True","global","global","global","global","global","global","global","global","global","global","global","global","global","global","global","global","global","global","global","global"
"Microsoft.DevHub","NotRegistered","9","False","yes","no","no","yes","no","yes","no","no","no","yes","no","yes","no","no","yes","yes","no","yes","no","yes"
"Microsoft.DeviceOnboarding","NotRegistered","1","False","no","no","no","no","no","no","no","no","no","no","no","no","no","no","no","no","no","no","no","no"
"Microsoft.DeviceRegistry","NotRegistered","19","False","no","no","no","yes","no","yes","no","no","no","no","no","yes","no","no","no","yes","no","yes","no","yes"
"Microsoft.Devices","Registered","14","False","yes","no","yes","yes","no","yes","no","yes","no","yes","no","yes","no","no","yes","yes","no","yes","no","yes"
"Microsoft.DeviceUpdate","NotRegistered","10","False","no","no","no","yes","no","yes","no","no","no","no","no","yes","no","no","no","no","no","yes","no","yes"
"Microsoft.DevOpsInfrastructure","NotRegistered","13","False","yes","no","no","yes","no","yes","no","no","no","yes","no","yes","no","no","yes","yes","no","yes","no","yes"
"Microsoft.DevTestLab","Registered","8","False","yes","no","no","yes","no","yes","no","no","no","yes","no","yes","no","no","yes","yes","no","yes","no","yes"
"Microsoft.Diagnostics","Registered","8","True","global","global","global","global","global","global","global","global","global","global","global","global","global","global","global","global","global","global","global","global"
"Microsoft.DigitalTwins","NotRegistered","9","False","no","no","no","yes","no","yes","no","no","no","no","no","yes","no","no","yes","no","no","yes","no","yes"
"Microsoft.DirectoryStore","NotRegistered","3","False","no","no","no","yes","no","yes","no","no","no","no","no","no","no","no","no","yes","no","yes","no","no"
"Microsoft.Discovery","NotRegistered","4","False","no","no","no","yes","no","yes","no","no","no","no","no","no","no","no","no","no","no","no","no","no"
"Microsoft.DocumentDB","Registered","23","False","yes","no","yes","yes","no","yes","no","yes","no","yes","no","yes","no","no","yes","yes","no","yes","no","yes"
"Microsoft.DomainRegistration","NotRegistered","8","False","no","no","no","no","no","no","no","no","no","no","no","no","no","no","no","no","no","no","no","no"
"Microsoft.DurableTask","NotRegistered","9","False","yes","no","no","no","no","yes","no","no","no","yes","no","no","no","no","no","yes","no","yes","no","yes"
"Microsoft.Easm","NotRegistered","4","False","yes","no","no","yes","no","no","no","no","no","no","no","yes","no","no","no","no","no","no","no","yes"
"Microsoft.Edge","NotRegistered","49","False","yes","no","no","yes","no","yes","no","no","no","yes","no","yes","no","no","yes","yes","no","yes","no","yes"
"Microsoft.EdgeMarketplace","NotRegistered","5","False","no","no","no","no","no","no","no","no","no","no","no","no","no","no","no","yes","no","no","no","no"
"Microsoft.EdgeOrder","NotRegistered","19","False","no","no","no","yes","no","no","no","no","no","no","no","no","no","no","no","no","no","no","no","no"
"Microsoft.EdgeOrderPartner","NotRegistered","1","False","no","no","no","yes","no","no","no","no","no","no","no","no","no","no","no","no","no","no","no","no"
"Microsoft.EdgeZones","NotRegistered","2","True","global","global","global","global","global","global","global","global","global","global","global","global","global","global","global","global","global","global","global","global"
"Microsoft.Elastic","NotRegistered","11","False","yes","no","yes","yes","no","yes","no","yes","no","no","no","yes","no","no","no","no","no","yes","no","no"
"Microsoft.ElasticSan","NotRegistered","5","False","yes","no","no","yes","no","yes","no","no","no","yes","no","yes","no","no","yes","yes","no","yes","no","yes"
"Microsoft.EnterpriseSupport","NotRegistered","5","False","no","no","no","no","no","no","no","no","no","no","no","no","no","no","no","no","no","no","no","no"
"Microsoft.EntitlementManagement","NotRegistered","1","False","no","no","no","no","no","no","no","no","no","no","no","no","no","no","no","no","no","no","no","no"
"Microsoft.EntraIDGovernance","NotRegistered","3","False","no","no","no","no","no","no","no","no","no","no","no","no","no","no","no","no","no","no","no","no"
"Microsoft.EntraIdGovernanceAccelerator","NotRegistered","1","False","no","no","no","no","no","no","no","no","no","no","no","no","no","no","no","no","no","no","no","no"
"Microsoft.EventGrid","Registered","27","False","yes","no","yes","yes","no","yes","no","yes","no","yes","no","yes","no","no","yes","yes","no","yes","no","yes"
"Microsoft.EventHub","Registered","26","False","yes","no","yes","yes","no","yes","no","yes","no","yes","no","yes","no","no","yes","yes","no","yes","no","yes"
"Microsoft.Experimentation","NotRegistered","1","True","global","global","global","global","global","global","global","global","global","global","global","global","global","global","global","global","global","global","global","global"
"Microsoft.ExtendedLocation","NotRegistered","8","False","yes","no","no","yes","no","yes","no","no","no","yes","no","yes","no","no","yes","yes","no","yes","no","yes"
"Microsoft.Fabric","NotRegistered","10","False","yes","no","no","yes","no","yes","no","no","no","yes","no","yes","no","no","yes","yes","no","yes","no","yes"
"Microsoft.Falcon","NotRegistered","6","False","no","no","no","no","no","yes","no","no","no","yes","no","no","no","no","no","yes","no","yes","no","no"
"Microsoft.Features","Registered","7","True","global","global","global","global","global","global","global","global","global","global","global","global","global","global","global","global","global","global","global","global"
"Microsoft.FileShares","NotRegistered","11","False","no","no","yes","yes","no","no","no","yes","no","yes","no","yes","no","no","no","yes","no","no","no","no"
"Microsoft.FluidRelay","NotRegistered","7","False","yes","no","no","yes","no","yes","no","no","no","no","no","yes","no","no","no","no","no","yes","no","yes"
"Microsoft.GCPConnector","NotRegistered","10","False","no","no","no","yes","no","no","no","no","no","no","no","no","no","no","yes","no","no","no","no","no"
"Microsoft.Genome","NotRegistered","4","False","yes","no","no","no","no","yes","no","no","no","no","no","no","no","no","no","yes","no","no","no","yes"
"Microsoft.GraphServices","NotRegistered","5","False","no","no","no","yes","no","no","no","no","no","no","no","no","no","no","no","no","no","no","no","no"
"Microsoft.GuestConfiguration","Registered","2","True","global","global","global","global","global","global","global","global","global","global","global","global","global","global","global","global","global","global","global","global"
"Microsoft.HanaOnAzure","NotRegistered","5","False","no","no","no","yes","no","no","no","no","no","no","no","yes","no","no","no","no","no","yes","no","no"
"Microsoft.Hardware","NotRegistered","6","False","no","no","no","yes","no","no","no","no","no","no","no","no","no","no","yes","yes","no","yes","no","no"
"Microsoft.HardwareSecurityModules","NotRegistered","4","False","yes","no","no","yes","no","yes","no","no","no","no","no","yes","no","no","yes","yes","no","yes","no","yes"
"Microsoft.HDInsight","Registered","13","False","yes","no","no","yes","no","yes","no","yes","no","yes","no","yes","no","no","yes","yes","no","yes","no","yes"
"Microsoft.HealthBot","NotRegistered","4","False","no","no","no","yes","no","yes","no","yes","no","no","no","yes","no","no","yes","no","no","yes","no","no"
"Microsoft.HealthcareApis","Registered","18","False","no","no","no","yes","no","yes","no","no","no","yes","no","yes","no","no","yes","no","no","yes","no","yes"
"Microsoft.HealthcareInterop","NotRegistered","1","True","global","global","global","global","global","global","global","global","global","global","global","global","global","global","global","global","global","global","global","global"
"Microsoft.HealthDataAIServices","NotRegistered","6","False","yes","no","no","yes","no","yes","no","no","no","no","no","yes","no","no","no","no","no","yes","no","yes"
"Microsoft.HealthModel","NotRegistered","1","True","global","global","global","global","global","global","global","global","global","global","global","global","global","global","global","global","global","global","global","global"
"Microsoft.HealthPlatform","NotRegistered","1","False","no","no","no","no","no","no","no","no","no","no","no","no","no","no","no","no","no","yes","no","yes"
"Microsoft.Help","NotRegistered","13","True","global","global","global","global","global","global","global","global","global","global","global","global","global","global","global","global","global","global","global","global"
"Microsoft.HorizonDB","NotRegistered","8","False","yes","no","no","no","no","no","no","no","no","no","no","no","no","no","no","no","no","yes","no","yes"
"Microsoft.HybridCloud","NotRegistered","2","False","yes","no","no","yes","no","yes","no","no","no","no","no","yes","no","no","yes","yes","no","yes","no","yes"
"Microsoft.HybridCompute","NotRegistered","34","False","yes","no","yes","yes","no","yes","no","yes","no","yes","no","yes","no","no","yes","yes","no","yes","no","yes"
"Microsoft.HybridConnectivity","NotRegistered","9","False","yes","no","no","yes","no","yes","no","no","no","yes","no","yes","no","no","yes","yes","no","yes","no","yes"
"Microsoft.HybridContainerService","NotRegistered","11","False","no","no","no","yes","no","no","no","yes","no","no","no","yes","no","no","no","no","no","no","no","yes"
"Microsoft.HybridNetwork","NotRegistered","26","False","no","no","yes","yes","no","no","no","yes","no","no","no","yes","no","no","yes","no","no","no","no","yes"
"Microsoft.Impact","NotRegistered","5","False","no","no","no","no","no","no","no","no","no","no","no","no","no","no","no","no","no","no","no","no"
"Microsoft.InferenceService","NotRegistered","2","False","no","no","no","no","no","yes","no","no","no","no","no","no","no","no","no","no","no","no","no","yes"
"microsoft.insights","Registered","86","False","yes","no","yes","yes","no","yes","no","yes","no","yes","no","yes","no","no","yes","yes","no","yes","no","yes"
"Microsoft.IntegrationSpaces","NotRegistered","9","False","yes","no","no","yes","no","yes","no","no","no","yes","no","yes","no","no","yes","yes","no","yes","no","yes"
"Microsoft.IoTCentral","NotRegistered","7","False","yes","no","no","yes","no","yes","no","no","no","no","no","yes","no","no","yes","yes","no","no","no","no"
"Microsoft.IoTFirmwareDefense","NotRegistered","14","False","no","no","no","yes","no","no","no","no","no","no","no","no","no","no","no","no","no","no","no","no"
"Microsoft.IoTOperations","NotRegistered","16","False","no","no","no","yes","no","yes","no","no","no","no","no","yes","no","no","no","yes","no","yes","no","yes"
"Microsoft.IoTOperationsDataProcessor","NotRegistered","6","False","no","no","no","yes","no","yes","no","no","no","no","no","no","no","no","no","yes","no","yes","no","yes"
"Microsoft.IoTSecurity","NotRegistered","21","False","yes","no","no","yes","no","yes","no","no","no","yes","no","yes","no","no","yes","yes","no","yes","no","no"
"Microsoft.KeyVault","Registered","21","False","yes","no","yes","yes","no","yes","no","yes","no","yes","no","yes","no","no","yes","yes","no","yes","no","yes"
"Microsoft.Kubernetes","NotRegistered","5","False","yes","no","yes","yes","no","yes","no","yes","no","yes","no","yes","no","no","yes","yes","no","yes","no","yes"
"Microsoft.KubernetesConfiguration","NotRegistered","11","False","yes","no","no","yes","no","yes","no","no","no","yes","no","yes","no","no","yes","yes","no","yes","no","yes"
"Microsoft.KubernetesRuntime","NotRegistered","8","False","no","no","no","yes","no","yes","no","no","no","no","no","yes","no","no","no","no","no","yes","no","yes"
"Microsoft.Kusto","Registered","15","False","yes","no","no","yes","no","yes","no","no","no","yes","no","yes","no","no","yes","yes","no","yes","no","yes"
"Microsoft.LabServices","NotRegistered","9","False","yes","no","no","yes","no","yes","no","no","no","yes","no","yes","no","no","yes","yes","no","yes","no","no"
"Microsoft.LoadTestService","NotRegistered","14","False","yes","no","no","yes","no","yes","no","no","no","yes","no","yes","no","no","yes","yes","no","yes","no","yes"
"Microsoft.Logic","Registered","14","False","yes","no","no","yes","no","yes","no","no","no","yes","no","yes","no","no","yes","yes","no","yes","no","yes"
"Microsoft.MachineLearningServices","Registered","69","False","yes","no","no","yes","no","yes","no","no","no","yes","no","yes","no","no","yes","yes","no","yes","no","yes"
"Microsoft.Maintenance","Registered","7","False","yes","no","no","yes","no","yes","no","no","no","yes","no","yes","no","no","yes","yes","no","yes","no","yes"
"Microsoft.ManagedIdentity","Registered","4","False","yes","no","no","yes","no","yes","no","no","no","yes","no","yes","no","no","yes","yes","no","yes","no","yes"
"Microsoft.ManagedNetworkFabric","NotRegistered","30","False","no","no","no","yes","no","no","no","no","no","no","no","yes","no","no","no","no","no","no","no","yes"
"Microsoft.ManagedOps","NotRegistered","4","False","no","no","no","yes","no","no","no","no","no","no","no","no","no","no","yes","no","no","yes","no","no"
"Microsoft.ManagedServices","Registered","5","True","global","global","global","global","global","global","global","global","global","global","global","global","global","global","global","global","global","global","global","global"
"Microsoft.Management","Registered","11","True","global","global","global","global","global","global","global","global","global","global","global","global","global","global","global","global","global","global","global","global"
"Microsoft.Maps","Registered","9","False","no","no","no","yes","no","no","no","no","no","no","no","no","no","no","yes","no","no","yes","no","no"
"Microsoft.Marketplace","NotRegistered","48","True","global","global","global","global","global","global","global","global","global","global","global","global","global","global","global","global","global","global","global","global"
"Microsoft.MarketplaceOrdering","Registered","3","False","no","no","no","no","no","no","no","no","no","no","no","yes","no","no","no","yes","no","no","no","no"
"Microsoft.MessagingCatalog","NotRegistered","1","False","no","no","no","no","no","no","no","no","no","no","no","no","no","no","no","no","no","no","no","no"
"Microsoft.MessagingConnectors","NotRegistered","2","False","no","no","no","no","no","no","no","no","no","no","no","no","no","no","no","no","no","no","no","no"
"Microsoft.Migrate","NotRegistered","24","False","yes","no","no","no","no","yes","no","no","no","no","no","no","no","no","no","no","no","yes","no","no"
"Microsoft.Mission","NotRegistered","14","False","yes","no","no","yes","no","yes","no","no","no","yes","no","yes","no","no","yes","yes","no","yes","no","yes"
"Microsoft.Monitor","NotRegistered","13","False","yes","no","no","yes","no","yes","no","no","no","yes","no","yes","no","no","yes","yes","no","yes","no","yes"
"Microsoft.MySqlDiscovery","NotRegistered","9","False","yes","no","yes","no","no","no","no","yes","no","no","no","no","no","no","no","no","no","yes","no","no"
"Microsoft.NetApp","NotRegistered","30","False","yes","no","no","yes","no","yes","no","no","no","yes","no","yes","no","no","yes","yes","no","yes","no","yes"
"Microsoft.Network","Registered","200","False","yes","no","no","yes","no","yes","no","no","no","yes","no","yes","no","no","yes","yes","no","yes","no","yes"
"Microsoft.NetworkCloud","NotRegistered","25","False","no","no","no","yes","no","no","no","no","no","no","no","yes","no","no","no","no","no","no","no","yes"
"Microsoft.NetworkFunction","NotRegistered","11","False","yes","no","no","yes","no","yes","no","no","no","yes","no","yes","no","no","yes","yes","no","yes","no","yes"
"Microsoft.NexusIdentity","NotRegistered","5","False","no","no","no","yes","no","no","no","no","no","no","no","yes","no","no","no","no","no","no","no","yes"
"Microsoft.NotificationHubs","Registered","5","False","yes","no","no","yes","no","yes","no","no","no","yes","no","yes","no","no","yes","yes","no","yes","no","yes"
"Microsoft.Nutanix","NotRegistered","5","False","yes","no","no","yes","no","yes","no","no","no","yes","no","yes","no","no","yes","yes","no","yes","no","yes"
"Microsoft.ObjectStore","NotRegistered","1","False","no","no","no","no","no","no","no","no","no","no","no","no","no","no","no","no","no","no","no","no"
"Microsoft.OffAzure","NotRegistered","9","False","yes","no","no","no","no","no","no","no","no","no","no","no","no","no","no","no","no","yes","no","no"
"Microsoft.OffAzureSpringBoot","NotRegistered","8","False","yes","no","no","no","no","no","no","no","no","no","no","yes","no","no","no","no","no","yes","no","no"
"Microsoft.OnlineExperimentation","NotRegistered","2","True","global","global","global","global","global","global","global","global","global","global","global","global","global","global","global","global","global","global","global","global"
"Microsoft.OpenEnergyPlatform","NotRegistered","8","False","no","no","no","yes","no","no","no","no","no","no","no","yes","no","no","no","no","no","no","no","no"
"Microsoft.OperationalInsights","Registered","26","False","yes","no","yes","yes","no","yes","no","yes","no","yes","no","yes","no","no","yes","yes","no","yes","no","yes"
"Microsoft.OperationsManagement","Registered","3","False","yes","no","no","yes","no","yes","no","no","no","yes","no","yes","no","no","yes","yes","no","yes","no","yes"
"Microsoft.OperatorVoicemail","NotRegistered","4","False","no","no","no","no","no","no","no","no","no","no","no","no","no","no","no","no","no","no","no","no"
"Microsoft.Orbital","NotRegistered","4","False","yes","no","no","yes","no","no","no","no","no","yes","no","no","no","no","no","no","no","no","no","no"
"Microsoft.PartnerEnrollment","NotRegistered","1","False","no","no","no","no","no","no","no","no","no","no","no","no","no","no","no","no","no","no","no","no"
"Microsoft.PartnerManagedConsumerRecurrence","NotRegistered","4","True","global","global","global","global","global","global","global","global","global","global","global","global","global","global","global","global","global","global","global","global"
"Microsoft.Peering","NotRegistered","12","False","no","no","no","yes","no","yes","no","no","no","yes","no","yes","no","no","yes","yes","no","yes","no","no"
"Microsoft.Pki","NotRegistered","1","True","global","global","global","global","global","global","global","global","global","global","global","global","global","global","global","global","global","global","global","global"
"Microsoft.PolicyInsights","Registered","17","True","global","global","global","global","global","global","global","global","global","global","global","global","global","global","global","global","global","global","global","global"
"Microsoft.Portal","Registered","11","False","yes","no","yes","yes","no","yes","no","yes","no","yes","no","yes","no","no","yes","yes","no","yes","no","yes"
"Microsoft.PortalServices","NotRegistered","8","False","no","no","no","yes","no","no","no","yes","no","no","no","no","no","no","no","no","no","no","no","yes"
"Microsoft.PowerBI","NotRegistered","6","False","no","no","no","no","no","yes","no","yes","no","yes","no","yes","no","no","no","yes","no","no","no","no"
"Microsoft.PowerBIDedicated","Registered","7","False","yes","no","no","yes","no","yes","no","no","no","yes","no","yes","no","no","yes","yes","no","yes","no","yes"
"Microsoft.PowerPlatform","NotRegistered","3","False","no","no","no","no","no","no","no","yes","no","no","no","no","no","no","no","no","no","no","no","no"
"MICROSOFT.POWERPLATFORMMONITORINGHUB","NotRegistered","4","False","no","no","no","no","no","no","no","no","no","no","no","no","no","no","no","no","no","no","no","no"
"Microsoft.Premonition","NotRegistered","2","False","no","no","no","yes","no","no","no","no","no","no","no","no","no","no","no","no","no","no","no","no"
"Microsoft.ProfessionalService","NotRegistered","5","False","no","no","no","no","no","no","no","no","no","no","no","no","no","no","no","no","no","no","no","no"
"Microsoft.ProgramEnrollment","NotRegistered","4","False","yes","no","no","no","no","yes","no","no","no","no","no","no","no","no","no","no","no","yes","no","no"
"Microsoft.ProviderHub","NotRegistered","12","True","global","global","global","global","global","global","global","global","global","global","global","global","global","global","global","global","global","global","global","global"
"Microsoft.Purview","NotRegistered","12","False","yes","no","no","yes","no","yes","no","no","no","no","no","yes","no","no","yes","yes","no","yes","no","yes"
"Microsoft.Quantum","NotRegistered","7","False","no","no","yes","yes","no","no","no","yes","no","no","no","no","no","no","no","yes","no","no","no","no"
"Microsoft.Quota","NotRegistered","19","True","global","global","global","global","global","global","global","global","global","global","global","global","global","global","global","global","global","global","global","global"
"Microsoft.RecoveryServices","Registered","20","False","yes","no","no","yes","no","yes","no","no","no","yes","no","yes","no","no","yes","yes","no","yes","no","yes"
"Microsoft.RedHatOpenShift","NotRegistered","7","False","yes","no","no","yes","no","yes","no","no","no","yes","no","yes","no","no","yes","yes","no","yes","no","yes"
"Microsoft.Relationships","NotRegistered","5","True","global","global","global","global","global","global","global","global","global","global","global","global","global","global","global","global","global","global","global","global"
"Microsoft.Relay","Registered","12","False","yes","no","no","yes","no","yes","no","no","no","yes","no","yes","no","no","yes","yes","no","yes","no","yes"
"Microsoft.ResourceBuilder","NotRegistered","4","False","no","no","no","yes","no","yes","no","no","no","no","no","no","no","no","yes","yes","no","yes","no","no"
"Microsoft.ResourceConnector","NotRegistered","6","False","yes","no","no","yes","no","yes","no","no","no","yes","no","yes","no","no","no","no","no","yes","no","yes"
"Microsoft.ResourceGraph","Registered","8","False","no","no","no","yes","no","no","no","no","no","no","no","no","no","no","no","no","no","no","no","no"
"Microsoft.ResourceHealth","NotRegistered","7","True","global","global","global","global","global","global","global","global","global","global","global","global","global","global","global","global","global","global","global","global"
"Microsoft.ResourceIntelligence","Registered","3","False","no","no","no","yes","no","no","no","no","no","no","no","no","no","no","no","no","no","no","no","no"
"Microsoft.ResourceNotifications","Registered","4","False","no","no","no","yes","no","no","no","no","no","no","no","no","no","no","no","yes","no","no","no","no"
"Microsoft.Resources","Registered","52","False","yes","no","no","yes","no","yes","no","no","no","yes","no","yes","no","no","yes","yes","no","yes","no","yes"
"Microsoft.SaaS","NotRegistered","6","False","no","no","no","no","no","no","no","no","no","no","no","no","no","no","no","no","no","no","no","no"
"Microsoft.SaaSHub","NotRegistered","17","False","yes","no","yes","no","no","yes","no","no","no","yes","no","yes","no","no","yes","yes","no","yes","no","yes"
"Microsoft.Scom","NotRegistered","6","False","yes","no","yes","yes","no","yes","no","yes","no","no","no","yes","no","no","no","yes","no","yes","no","yes"
"Microsoft.SCVMM","NotRegistered","14","False","yes","no","no","yes","no","yes","no","yes","no","no","no","yes","no","no","no","no","no","yes","no","yes"
"Microsoft.Search","Registered","10","False","yes","no","yes","yes","no","yes","no","yes","no","yes","no","yes","no","no","yes","yes","no","yes","no","yes"
"Microsoft.SecretSyncController","NotRegistered","5","False","no","no","no","yes","no","yes","no","no","no","no","no","yes","no","no","no","yes","no","yes","no","yes"
"Microsoft.Security","Registered","90","False","yes","no","no","yes","no","yes","no","no","no","yes","no","yes","no","no","yes","yes","no","yes","no","yes"
"Microsoft.SecurityCopilot","NotRegistered","4","False","no","no","no","yes","no","no","no","no","no","no","no","no","no","no","no","no","no","no","no","no"
"Microsoft.SecurityDetonation","NotRegistered","4","False","yes","no","no","yes","no","yes","no","no","no","no","no","yes","no","no","yes","yes","no","yes","no","yes"
"Microsoft.SecurityInsights","Registered","43","False","no","no","no","no","no","no","no","no","no","no","no","no","no","no","no","no","no","no","no","no"
"Microsoft.SecurityPlatform","NotRegistered","3","False","no","no","no","no","no","no","no","no","no","no","no","no","no","no","no","no","no","yes","no","no"
"Microsoft.SentinelPlatformServices","NotRegistered","3","False","yes","no","no","yes","no","yes","no","no","no","yes","no","yes","no","no","no","no","no","yes","no","no"
"Microsoft.SerialConsole","Registered","5","False","yes","no","no","yes","no","yes","no","no","no","yes","no","yes","no","no","yes","yes","no","yes","no","yes"
"Microsoft.ServiceBus","Registered","27","False","yes","no","yes","yes","no","yes","no","yes","no","yes","no","yes","no","no","yes","yes","no","yes","no","yes"
"Microsoft.ServiceFabric","Registered","23","False","yes","no","no","yes","no","yes","no","no","no","yes","no","yes","no","no","yes","yes","no","yes","no","yes"
"Microsoft.ServiceFabricMesh","NotRegistered","12","False","yes","no","no","yes","no","yes","no","no","no","yes","no","yes","no","no","yes","yes","no","yes","no","yes"
"Microsoft.ServiceLinker","NotRegistered","9","False","yes","no","no","yes","no","yes","no","no","no","yes","no","yes","no","no","yes","yes","no","yes","no","yes"
"Microsoft.ServiceNetworking","NotRegistered","15","False","yes","no","no","yes","no","yes","no","no","no","yes","no","yes","no","no","no","yes","no","yes","no","yes"
"Microsoft.ServicesHub","NotRegistered","6","False","yes","no","no","yes","no","yes","no","no","no","yes","no","yes","no","no","yes","yes","no","yes","no","no"
"Microsoft.SignalRService","Registered","15","False","yes","no","no","yes","no","yes","no","no","no","yes","no","yes","no","no","yes","yes","no","yes","no","yes"
"Microsoft.Singularity","NotRegistered","19","False","yes","no","no","yes","no","yes","no","no","no","yes","no","yes","no","no","yes","yes","no","yes","no","yes"
"Microsoft.SoftwarePlan","NotRegistered","20","False","no","no","no","no","no","no","no","no","no","no","no","no","no","no","no","no","no","no","no","no"
"Microsoft.Solutions","NotRegistered","6","False","yes","no","no","yes","no","yes","no","no","no","yes","no","yes","no","no","yes","yes","no","yes","no","yes"
"Microsoft.Sovereign","NotRegistered","6","False","no","no","no","no","no","no","no","no","no","no","no","no","no","no","no","no","no","no","no","no"
"Microsoft.Sql","Registered","249","False","yes","no","yes","yes","no","yes","no","yes","no","yes","no","yes","no","no","yes","yes","no","yes","no","yes"
"Microsoft.SqlVirtualMachine","NotRegistered","10","False","yes","no","no","yes","no","yes","no","no","no","yes","no","yes","no","no","yes","yes","no","yes","no","yes"
"Microsoft.StandbyPool","NotRegistered","8","False","yes","no","no","yes","no","yes","no","no","no","yes","no","yes","no","no","yes","yes","no","yes","no","yes"
"Microsoft.Storage","Registered","30","False","yes","no","yes","yes","no","yes","no","yes","no","yes","no","yes","no","no","yes","yes","no","yes","no","yes"
"Microsoft.StorageActions","NotRegistered","7","False","yes","no","no","yes","no","yes","no","no","no","yes","no","yes","no","no","yes","yes","no","yes","no","yes"
"Microsoft.StorageCache","NotRegistered","14","False","yes","no","no","yes","no","yes","no","no","no","yes","no","yes","no","no","no","yes","no","yes","no","yes"
"Microsoft.StorageDiscovery","NotRegistered","5","False","yes","no","no","no","no","yes","no","no","no","no","no","yes","no","no","no","no","no","yes","no","no"
"Microsoft.StorageMover","NotRegistered","10","False","no","no","no","yes","no","yes","no","no","no","no","no","no","no","no","yes","no","no","no","no","yes"
"Microsoft.StorageSync","NotRegistered","12","False","yes","no","no","yes","no","yes","no","no","no","yes","no","yes","no","no","yes","yes","no","yes","no","yes"
"Microsoft.StorageTasks","NotRegistered","1","True","global","global","global","global","global","global","global","global","global","global","global","global","global","global","global","global","global","global","global","global"
"Microsoft.StreamAnalytics","Registered","12","False","yes","no","no","yes","no","yes","no","no","no","yes","no","yes","no","no","yes","yes","no","yes","no","yes"
"Microsoft.Subscription","NotRegistered","20","True","global","global","global","global","global","global","global","global","global","global","global","global","global","global","global","global","global","global","global","global"
"Microsoft.SupercomputerInfrastructure","NotRegistered","3","False","yes","no","no","yes","no","yes","no","no","no","no","no","yes","no","no","no","no","no","no","no","yes"
"microsoft.support","Registered","12","False","yes","no","no","yes","no","yes","no","no","no","yes","no","yes","no","no","no","yes","no","no","no","no"
"Microsoft.SustainabilityServices","NotRegistered","2","False","no","no","no","no","no","no","no","no","no","no","no","no","no","no","no","no","no","no","no","no"
"Microsoft.Synapse","NotRegistered","25","False","yes","no","no","yes","no","yes","no","no","no","yes","no","yes","no","no","yes","yes","no","yes","no","yes"
"Microsoft.Syntex","NotRegistered","5","False","yes","no","no","yes","no","yes","no","no","no","yes","no","yes","no","no","yes","yes","no","no","no","no"
"Microsoft.ToolchainOrchestrator","NotRegistered","1","True","global","global","global","global","global","global","global","global","global","global","global","global","global","global","global","global","global","global","global","global"
"Microsoft.UpdateManager","NotRegistered","2","True","global","global","global","global","global","global","global","global","global","global","global","global","global","global","global","global","global","global","global","global"
"Microsoft.UsageBilling","NotRegistered","1","False","yes","no","yes","yes","no","yes","no","yes","no","yes","no","yes","no","no","yes","yes","no","yes","no","yes"
"Microsoft.Validate","NotRegistered","2","False","no","no","no","no","no","no","no","no","no","no","no","no","no","no","no","no","no","no","no","no"
"Microsoft.VerifiedId","NotRegistered","1","False","no","no","no","no","no","no","no","no","no","no","no","no","no","no","no","no","no","yes","no","no"
"Microsoft.VideoIndexer","NotRegistered","9","False","yes","no","no","yes","no","yes","no","no","no","no","no","yes","no","no","yes","yes","no","yes","no","yes"
"Microsoft.VirtualMachineImages","NotRegistered","6","False","yes","no","no","yes","no","yes","no","no","no","yes","no","yes","no","no","yes","yes","no","yes","no","yes"
"microsoft.visualstudio","NotRegistered","5","False","yes","no","no","yes","no","yes","no","no","no","yes","no","yes","no","no","yes","yes","no","yes","no","no"
"Microsoft.VMware","NotRegistered","4","False","no","no","no","yes","no","no","no","yes","no","no","no","no","no","no","no","yes","no","no","no","no"
"Microsoft.Web","Registered","81","False","yes","no","yes","yes","no","yes","no","yes","no","yes","no","yes","no","no","yes","yes","no","yes","no","yes"
"Microsoft.WeightsAndBiases","NotRegistered","6","False","no","no","yes","yes","no","no","no","yes","no","no","no","no","no","no","no","no","no","no","no","no"
"Microsoft.Windows365","NotRegistered","1","True","global","global","global","global","global","global","global","global","global","global","global","global","global","global","global","global","global","global","global","global"
"Microsoft.WindowsPushNotificationServices","NotRegistered","1","True","global","global","global","global","global","global","global","global","global","global","global","global","global","global","global","global","global","global","global","global"
"Microsoft.WorkloadBuilder","NotRegistered","3","False","no","no","no","no","no","no","no","yes","no","no","no","no","no","no","yes","no","no","no","no","no"
"Microsoft.Workloads","NotRegistered","13","False","yes","no","no","yes","no","yes","no","no","no","no","no","yes","no","no","no","no","no","yes","no","yes"
"Microsoft.ZeroTrustSegmentation","NotRegistered","2","False","no","no","no","no","no","no","no","no","no","no","no","no","no","no","no","no","no","no","no","no"
"MongoDB.Atlas","NotRegistered","8","False","yes","no","yes","no","no","yes","no","yes","no","no","no","no","no","no","no","no","no","yes","no","no"
"Napster.CompanionAPI","NotRegistered","7","False","no","no","yes","yes","no","no","no","yes","no","no","no","no","no","no","no","no","no","no","no","no"
"NewRelic.Observability","NotRegistered","13","False","no","no","yes","yes","no","no","no","yes","no","no","no","no","no","no","no","no","no","no","no","no"
"NGINX.NGINXPLUS","NotRegistered","8","False","yes","no","yes","yes","no","yes","no","yes","no","yes","no","yes","no","no","yes","yes","no","yes","no","yes"
"Oracle.Database","NotRegistered","30","False","yes","no","no","yes","no","yes","no","no","no","yes","no","yes","no","no","no","yes","no","yes","no","yes"
"PaloAltoNetworks.Cloudngfw","NotRegistered","22","False","yes","no","yes","yes","no","yes","no","yes","no","yes","no","yes","no","no","yes","yes","no","yes","no","yes"
"Pinecone.VectorDb","NotRegistered","6","False","no","no","yes","yes","no","no","no","yes","no","no","no","no","no","no","no","no","no","no","no","no"
"PURESTORAGE.BLOCK","NotRegistered","14","False","yes","no","yes","yes","no","yes","no","yes","no","no","no","yes","no","no","no","yes","no","yes","no","yes"
"Qumulo.Storage","NotRegistered","6","False","yes","no","yes","yes","no","yes","no","yes","no","yes","no","yes","no","no","yes","yes","no","yes","no","yes"
